{"type": "FeatureCollection", "metadata": {"source": "geoBoundaries gbOpen (William & Mary geoLab)", "license": "CC BY 4.0", "boundaryYear": null, "note": "District groupings are illustrative."}, "features": [{"type": "Feature", "properties": {"regionId": "odisha", "districtName": "Baleshwar"}, "geometry": {"type": "Polygon", "coordinates": [[[87.443, 21.77], [87.435, 21.77], [87.433, 21.77], [87.429, 21.771], [87.416, 21.769], [87.407, 21.771], [87.404, 21.768], [87.399, 21.768], [87.397, 21.77], [87.397, 21.772], [87.395, 21.772], [87.394, 21.772], [87.396, 21.774], [87.395, 21.776], [87.387, 21.776], [87.379, 21.773], [87.377, 21.772], [87.377, 21.767], [87.374, 21.766], [87.374, 21.765], [87.373, 21.768], [87.374, 21.773], [87.372, 21.779], [87.372, 21.78], [87.36, 21.784], [87.359, 21.785], [87.356, 21.79], [87.356, 21.791], [87.348, 21.791], [87.344, 21.789], [87.343, 21.786], [87.341, 21.785], [87.339, 21.785], [87.338, 21.79], [87.337, 21.793], [87.327, 21.791], [87.321, 21.791], [87.321, 21.794], [87.322, 21.796], [87.314, 21.794], [87.313, 21.794], [87.312, 21.797], [87.311, 21.798], [87.303, 21.8], [87.3, 21.801], [87.298, 21.804], [87.299, 21.807], [87.299, 21.809], [87.297, 21.811], [87.291, 21.809], [87.285, 21.804], [87.279, 21.807], [87.278, 21.807], [87.277, 21.808], [87.277, 21.809], [87.277, 21.809], [87.275, 21.809], [87.278, 21.816], [87.278, 21.817], [87.275, 21.818], [87.268, 21.819], [87.266, 21.819], [87.272, 21.825], [87.271, 21.827], [87.268, 21.83], [87.267, 21.83], [87.266, 21.835], [87.266, 21.839], [87.263, 21.84], [87.26, 21.847], [87.259, 21.849], [87.252, 21.853], [87.252, 21.853], [87.249, 21.862], [87.253, 21.869], [87.253, 21.872], [87.243, 21.891], [87.242, 21.892], [87.239, 21.901], [87.239, 21.903], [87.241, 21.908], [87.243, 21.912], [87.255, 21.92], [87.254, 21.925], [87.255, 21.927], [87.253, 21.929], [87.252, 21.929], [87.251, 21.93], [87.246, 21.934], [87.239, 21.939], [87.236, 21.945], [87.238, 21.958], [87.238, 21.96], [87.235, 21.96], [87.234, 21.96], [87.234, 21.961], [87.233, 21.961], [87.229, 21.962], [87.228, 21.959], [87.225, 21.958], [87.214, 21.962], [87.199, 21.959], [87.192, 21.962], [87.182, 21.969], [87.179, 21.971], [87.176, 21.977], [87.175, 21.977], [87.171, 21.978], [87.169, 21.973], [87.165, 21.967], [87.164, 21.939], [87.162, 21.936], [87.152, 21.931], [87.145, 21.925], [87.141, 21.923], [87.12, 21.926], [87.118, 21.927], [87.114, 21.923], [87.109, 21.923], [87.106, 21.921], [87.104, 21.916], [87.098, 21.913], [87.095, 21.904], [87.093, 21.903], [87.094, 21.898], [87.097, 21.895], [87.097, 21.895], [87.099, 21.893], [87.1, 21.887], [87.097, 21.879], [87.099, 21.866], [87.105, 21.857], [87.12, 21.853], [87.129, 21.838], [87.165, 21.819], [87.17, 21.818], [87.176, 21.814], [87.174, 21.811], [87.169, 21.806], [87.171, 21.804], [87.169, 21.798], [87.171, 21.789], [87.169, 21.786], [87.163, 21.788], [87.161, 21.786], [87.164, 21.784], [87.159, 21.769], [87.145, 21.764], [87.131, 21.77], [87.128, 21.776], [87.126, 21.776], [87.126, 21.775], [87.127, 21.772], [87.124, 21.772], [87.122, 21.778], [87.118, 21.782], [87.115, 21.783], [87.114, 21.784], [87.118, 21.785], [87.119, 21.786], [87.115, 21.788], [87.112, 21.787], [87.111, 21.783], [87.105, 21.784], [87.103, 21.774], [87.107, 21.768], [87.122, 21.755], [87.121, 21.754], [87.101, 21.751], [87.094, 21.743], [87.097, 21.735], [87.095, 21.732], [87.087, 21.738], [87.086, 21.735], [87.087, 21.732], [87.093, 21.73], [87.094, 21.727], [87.091, 21.729], [87.09, 21.723], [87.084, 21.725], [87.079, 21.718], [87.08, 21.713], [87.077, 21.71], [87.072, 21.712], [87.073, 21.708], [87.072, 21.707], [87.065, 21.706], [87.055, 21.708], [87.048, 21.711], [87.044, 21.718], [87.044, 21.726], [87.044, 21.734], [87.048, 21.74], [87.027, 21.741], [87.026, 21.739], [87.03, 21.731], [87.031, 21.721], [87.038, 21.719], [87.038, 21.696], [87.054, 21.684], [87.048, 21.675], [87.043, 21.678], [87.041, 21.676], [87.038, 21.67], [87.032, 21.672], [87.031, 21.661], [87.025, 21.662], [87.024, 21.666], [87.025, 21.671], [87.023, 21.672], [87.019, 21.668], [87.019, 21.673], [87.015, 21.675], [87.011, 21.674], [87.008, 21.672], [86.999, 21.675], [86.996, 21.671], [86.993, 21.672], [86.989, 21.667], [86.991, 21.662], [86.99, 21.652], [86.993, 21.649], [87.007, 21.651], [87.008, 21.649], [87.012, 21.648], [87.011, 21.632], [87.006, 21.626], [86.999, 21.609], [87.001, 21.608], [87.001, 21.606], [87.007, 21.599], [87.01, 21.6], [87.014, 21.595], [87.016, 21.596], [87.02, 21.6], [87.021, 21.6], [87.024, 21.593], [87.03, 21.59], [87.03, 21.583], [87.013, 21.568], [87.002, 21.57], [86.991, 21.577], [86.985, 21.576], [86.979, 21.565], [86.975, 21.56], [86.967, 21.558], [86.961, 21.559], [86.931, 21.58], [86.929, 21.587], [86.912, 21.609], [86.896, 21.624], [86.887, 21.626], [86.883, 21.623], [86.88, 21.616], [86.883, 21.609], [86.891, 21.602], [86.895, 21.593], [86.895, 21.585], [86.889, 21.577], [86.88, 21.574], [86.875, 21.576], [86.87, 21.583], [86.868, 21.594], [86.867, 21.593], [86.865, 21.597], [86.857, 21.599], [86.855, 21.604], [86.849, 21.605], [86.845, 21.601], [86.841, 21.601], [86.832, 21.606], [86.829, 21.604], [86.812, 21.607], [86.804, 21.606], [86.798, 21.604], [86.799, 21.599], [86.792, 21.598], [86.782, 21.601], [86.764, 21.602], [86.754, 21.606], [86.74, 21.603], [86.737, 21.599], [86.726, 21.598], [86.72, 21.596], [86.716, 21.596], [86.711, 21.588], [86.706, 21.585], [86.701, 21.586], [86.694, 21.585], [86.689, 21.588], [86.69, 21.593], [86.688, 21.594], [86.677, 21.585], [86.665, 21.578], [86.652, 21.579], [86.65, 21.576], [86.649, 21.571], [86.651, 21.565], [86.649, 21.559], [86.641, 21.548], [86.64, 21.534], [86.637, 21.53], [86.629, 21.533], [86.621, 21.523], [86.607, 21.518], [86.599, 21.517], [86.593, 21.52], [86.585, 21.521], [86.569, 21.494], [86.557, 21.466], [86.534, 21.428], [86.516, 21.409], [86.504, 21.398], [86.498, 21.39], [86.489, 21.381], [86.483, 21.376], [86.464, 21.369], [86.443, 21.356], [86.44, 21.353], [86.436, 21.339], [86.43, 21.337], [86.427, 21.332], [86.396, 21.32], [86.383, 21.309], [86.378, 21.307], [86.373, 21.308], [86.361, 21.301], [86.357, 21.282], [86.365, 21.269], [86.365, 21.265], [86.373, 21.261], [86.375, 21.256], [86.375, 21.25], [86.371, 21.239], [86.374, 21.232], [86.379, 21.227], [86.408, 21.22], [86.417, 21.21], [86.421, 21.21], [86.425, 21.223], [86.437, 21.221], [86.438, 21.228], [86.437, 21.233], [86.442, 21.231], [86.444, 21.233], [86.448, 21.232], [86.45, 21.239], [86.454, 21.235], [86.459, 21.236], [86.462, 21.233], [86.459, 21.23], [86.465, 21.227], [86.459, 21.209], [86.461, 21.201], [86.462, 21.19], [86.457, 21.181], [86.457, 21.174], [86.462, 21.165], [86.462, 21.16], [86.488, 21.147], [86.511, 21.138], [86.531, 21.157], [86.54, 21.161], [86.558, 21.158], [86.562, 21.155], [86.563, 21.152], [86.562, 21.148], [86.584, 21.117], [86.59, 21.114], [86.593, 21.109], [86.592, 21.099], [86.594, 21.096], [86.608, 21.099], [86.623, 21.096], [86.628, 21.094], [86.632, 21.091], [86.632, 21.086], [86.628, 21.075], [86.631, 21.069], [86.636, 21.064], [86.642, 21.061], [86.649, 21.064], [86.65, 21.068], [86.648, 21.078], [86.646, 21.082], [86.654, 21.087], [86.658, 21.084], [86.663, 21.084], [86.668, 21.097], [86.658, 21.101], [86.656, 21.104], [86.656, 21.109], [86.66, 21.12], [86.66, 21.124], [86.657, 21.128], [86.668, 21.141], [86.665, 21.152], [86.672, 21.164], [86.676, 21.168], [86.684, 21.169], [86.693, 21.167], [86.696, 21.174], [86.703, 21.182], [86.709, 21.183], [86.729, 21.177], [86.739, 21.182], [86.747, 21.181], [86.764, 21.172], [86.776, 21.172], [86.776, 21.176], [86.77, 21.183], [86.762, 21.184], [86.76, 21.199], [86.767, 21.204], [86.769, 21.209], [86.769, 21.221], [86.772, 21.225], [86.774, 21.224], [86.774, 21.229], [86.779, 21.231], [86.801, 21.234], [86.807, 21.238], [86.822, 21.24], [86.848, 21.24], [86.861, 21.263], [86.883, 21.294], [86.896, 21.317], [86.907, 21.326], [86.956, 21.384], [86.989, 21.416], [87.028, 21.442], [87.065, 21.469], [87.073, 21.471], [87.117, 21.509], [87.119, 21.515], [87.124, 21.514], [87.128, 21.51], [87.175, 21.535], [87.187, 21.54], [87.207, 21.545], [87.244, 21.55], [87.298, 21.552], [87.313, 21.552], [87.352, 21.548], [87.367, 21.544], [87.393, 21.544], [87.395, 21.548], [87.374, 21.555], [87.363, 21.556], [87.354, 21.564], [87.338, 21.573], [87.338, 21.577], [87.347, 21.581], [87.357, 21.577], [87.389, 21.57], [87.399, 21.559], [87.404, 21.558], [87.41, 21.56], [87.412, 21.565], [87.424, 21.571], [87.43, 21.571], [87.432, 21.573], [87.429, 21.576], [87.43, 21.579], [87.466, 21.601], [87.487, 21.611], [87.485, 21.615], [87.486, 21.631], [87.482, 21.634], [87.474, 21.649], [87.471, 21.651], [87.462, 21.651], [87.464, 21.663], [87.469, 21.664], [87.467, 21.674], [87.469, 21.681], [87.472, 21.683], [87.473, 21.697], [87.471, 21.701], [87.475, 21.713], [87.465, 21.726], [87.469, 21.729], [87.47, 21.731], [87.458, 21.735], [87.447, 21.734], [87.448, 21.738], [87.455, 21.738], [87.455, 21.741], [87.449, 21.743], [87.447, 21.748], [87.446, 21.761], [87.447, 21.766], [87.443, 21.77]]]}}, {"type": "Feature", "properties": {"regionId": "odisha", "districtName": "Bhadrak"}, "geometry": {"type": "MultiPolygon", "coordinates": [[[[86.371, 21.239], [86.354, 21.236], [86.353, 21.235], [86.355, 21.221], [86.356, 21.211], [86.353, 21.206], [86.35, 21.192], [86.343, 21.19], [86.344, 21.188], [86.34, 21.18], [86.333, 21.18], [86.326, 21.177], [86.326, 21.181], [86.322, 21.181], [86.32, 21.176], [86.317, 21.174], [86.314, 21.171], [86.311, 21.17], [86.307, 21.171], [86.306, 21.174], [86.299, 21.176], [86.293, 21.176], [86.293, 21.172], [86.287, 21.169], [86.285, 21.167], [86.285, 21.162], [86.275, 21.151], [86.274, 21.147], [86.273, 21.143], [86.275, 21.139], [86.283, 21.138], [86.291, 21.129], [86.293, 21.122], [86.29, 21.119], [86.294, 21.119], [86.31, 21.112], [86.305, 21.103], [86.306, 21.099], [86.309, 21.096], [86.307, 21.088], [86.319, 21.079], [86.321, 21.067], [86.325, 21.067], [86.326, 21.06], [86.321, 21.053], [86.315, 21.057], [86.313, 21.042], [86.305, 21.024], [86.306, 21.017], [86.304, 21.016], [86.295, 21.019], [86.29, 21.019], [86.291, 21.015], [86.29, 21.002], [86.287, 20.99], [86.287, 20.979], [86.291, 20.97], [86.291, 20.963], [86.289, 20.945], [86.28, 20.923], [86.283, 20.91], [86.282, 20.907], [86.288, 20.903], [86.292, 20.902], [86.299, 20.903], [86.313, 20.896], [86.314, 20.886], [86.322, 20.879], [86.336, 20.879], [86.337, 20.877], [86.33, 20.87], [86.329, 20.866], [86.347, 20.856], [86.355, 20.854], [86.365, 20.856], [86.371, 20.86], [86.393, 20.866], [86.401, 20.864], [86.406, 20.86], [86.423, 20.857], [86.43, 20.85], [86.441, 20.849], [86.452, 20.845], [86.457, 20.846], [86.461, 20.849], [86.464, 20.855], [86.469, 20.861], [86.475, 20.86], [86.48, 20.862], [86.481, 20.856], [86.484, 20.856], [86.498, 20.869], [86.504, 20.867], [86.517, 20.872], [86.549, 20.863], [86.57, 20.866], [86.584, 20.86], [86.596, 20.858], [86.602, 20.847], [86.602, 20.836], [86.604, 20.831], [86.611, 20.83], [86.615, 20.817], [86.618, 20.815], [86.62, 20.815], [86.625, 20.81], [86.624, 20.806], [86.617, 20.807], [86.614, 20.802], [86.616, 20.798], [86.625, 20.797], [86.629, 20.799], [86.634, 20.794], [86.636, 20.794], [86.64, 20.8], [86.641, 20.792], [86.646, 20.79], [86.646, 20.793], [86.651, 20.798], [86.658, 20.799], [86.66, 20.799], [86.665, 20.795], [86.666, 20.791], [86.68, 20.792], [86.683, 20.788], [86.693, 20.785], [86.698, 20.78], [86.71, 20.777], [86.712, 20.775], [86.712, 20.765], [86.713, 20.763], [86.729, 20.765], [86.735, 20.771], [86.746, 20.773], [86.753, 20.773], [86.76, 20.771], [86.763, 20.77], [86.764, 20.765], [86.757, 20.748], [86.758, 20.744], [86.762, 20.738], [86.769, 20.736], [86.782, 20.744], [86.798, 20.739], [86.796, 20.745], [86.794, 20.746], [86.795, 20.753], [86.798, 20.755], [86.804, 20.756], [86.815, 20.752], [86.817, 20.753], [86.82, 20.757], [86.82, 20.765], [86.823, 20.77], [86.832, 20.776], [86.849, 20.783], [86.856, 20.789], [86.87, 20.793], [86.876, 20.797], [86.879, 20.809], [86.882, 20.809], [86.879, 20.803], [86.879, 20.8], [86.885, 20.795], [86.922, 20.791], [86.939, 20.79], [86.957, 20.785], [86.961, 20.788], [86.963, 20.794], [86.971, 20.821], [86.962, 20.858], [86.922, 20.931], [86.912, 20.954], [86.902, 20.989], [86.895, 21.006], [86.883, 21.024], [86.862, 21.052], [86.845, 21.083], [86.832, 21.109], [86.824, 21.139], [86.824, 21.175], [86.832, 21.19], [86.839, 21.223], [86.848, 21.24], [86.822, 21.24], [86.807, 21.238], [86.801, 21.234], [86.779, 21.231], [86.774, 21.229], [86.774, 21.224], [86.772, 21.225], [86.769, 21.221], [86.769, 21.209], [86.767, 21.204], [86.76, 21.199], [86.762, 21.184], [86.77, 21.183], [86.776, 21.176], [86.776, 21.172], [86.764, 21.172], [86.747, 21.181], [86.739, 21.182], [86.729, 21.177], [86.709, 21.183], [86.703, 21.182], [86.696, 21.174], [86.693, 21.167], [86.684, 21.169], [86.676, 21.168], [86.672, 21.164], [86.665, 21.152], [86.668, 21.141], [86.657, 21.128], [86.66, 21.124], [86.66, 21.12], [86.656, 21.109], [86.656, 21.104], [86.658, 21.101], [86.668, 21.097], [86.663, 21.084], [86.658, 21.084], [86.654, 21.087], [86.646, 21.082], [86.648, 21.078], [86.65, 21.068], [86.649, 21.064], [86.642, 21.061], [86.636, 21.064], [86.631, 21.069], [86.628, 21.075], [86.632, 21.086], [86.632, 21.091], [86.628, 21.094], [86.623, 21.096], [86.608, 21.099], [86.594, 21.096], [86.592, 21.099], [86.593, 21.109], [86.59, 21.114], [86.584, 21.117], [86.562, 21.148], [86.563, 21.152], [86.562, 21.155], [86.558, 21.158], [86.54, 21.161], [86.531, 21.157], [86.511, 21.138], [86.488, 21.147], [86.462, 21.16], [86.462, 21.165], [86.457, 21.174], [86.457, 21.181], [86.462, 21.19], [86.461, 21.201], [86.459, 21.209], [86.465, 21.227], [86.459, 21.23], [86.462, 21.233], [86.459, 21.236], [86.454, 21.235], [86.45, 21.239], [86.448, 21.232], [86.444, 21.233], [86.442, 21.231], [86.437, 21.233], [86.438, 21.228], [86.437, 21.221], [86.425, 21.223], [86.421, 21.21], [86.417, 21.21], [86.408, 21.22], [86.379, 21.227], [86.374, 21.232], [86.371, 21.239]]], [[[86.95, 20.774], [86.948, 20.778], [86.893, 20.787], [86.877, 20.788], [86.866, 20.783], [86.867, 20.781], [86.885, 20.773], [86.93, 20.774], [86.944, 20.772], [86.949, 20.773], [86.95, 20.774]]], [[[87.021, 20.807], [87.02, 20.819], [87.017, 20.824], [87.007, 20.833], [87.0, 20.834], [86.999, 20.832], [87.006, 20.811], [87.009, 20.806], [87.015, 20.801], [87.014, 20.794], [87.02, 20.807], [87.021, 20.807]]], [[[86.99, 20.778], [86.991, 20.782], [86.989, 20.784], [86.978, 20.783], [86.978, 20.78], [86.979, 20.778], [86.99, 20.778]]]]}}, {"type": "Feature", "properties": {"regionId": "odisha", "districtName": "Kendrapara"}, "geometry": {"type": "MultiPolygon", "coordinates": [[[[86.716, 20.301], [86.73, 20.305], [86.739, 20.309], [86.75, 20.318], [86.782, 20.338], [86.777, 20.344], [86.781, 20.348], [86.779, 20.36], [86.782, 20.37], [86.781, 20.372], [86.774, 20.37], [86.772, 20.371], [86.773, 20.374], [86.778, 20.377], [86.781, 20.381], [86.78, 20.385], [86.776, 20.39], [86.773, 20.391], [86.765, 20.39], [86.751, 20.38], [86.746, 20.379], [86.745, 20.381], [86.747, 20.391], [86.738, 20.397], [86.735, 20.395], [86.731, 20.382], [86.727, 20.378], [86.723, 20.382], [86.722, 20.389], [86.712, 20.396], [86.713, 20.401], [86.722, 20.397], [86.724, 20.398], [86.729, 20.402], [86.733, 20.411], [86.732, 20.435], [86.733, 20.456], [86.737, 20.466], [86.733, 20.472], [86.727, 20.475], [86.725, 20.48], [86.727, 20.482], [86.735, 20.482], [86.739, 20.479], [86.742, 20.469], [86.745, 20.47], [86.751, 20.492], [86.756, 20.501], [86.754, 20.518], [86.757, 20.519], [86.761, 20.515], [86.762, 20.508], [86.768, 20.505], [86.773, 20.506], [86.778, 20.512], [86.778, 20.519], [86.783, 20.531], [86.79, 20.539], [86.803, 20.55], [86.905, 20.619], [87.037, 20.701], [87.056, 20.711], [87.057, 20.716], [87.042, 20.711], [87.014, 20.695], [87.007, 20.695], [86.997, 20.699], [86.986, 20.697], [86.977, 20.698], [86.965, 20.689], [86.962, 20.69], [86.962, 20.692], [86.965, 20.697], [86.972, 20.7], [86.973, 20.702], [86.973, 20.704], [86.968, 20.707], [86.94, 20.706], [86.929, 20.704], [86.913, 20.706], [86.903, 20.71], [86.906, 20.713], [86.928, 20.715], [86.94, 20.718], [86.997, 20.71], [87.006, 20.714], [87.01, 20.721], [87.009, 20.728], [87.006, 20.738], [87.0, 20.747], [86.999, 20.764], [86.993, 20.77], [86.985, 20.773], [86.951, 20.764], [86.942, 20.767], [86.938, 20.766], [86.931, 20.767], [86.905, 20.763], [86.895, 20.764], [86.885, 20.771], [86.885, 20.772], [86.881, 20.774], [86.863, 20.775], [86.849, 20.77], [86.83, 20.756], [86.821, 20.732], [86.813, 20.73], [86.801, 20.735], [86.798, 20.739], [86.782, 20.744], [86.769, 20.736], [86.762, 20.738], [86.758, 20.744], [86.757, 20.748], [86.764, 20.765], [86.763, 20.77], [86.76, 20.771], [86.753, 20.773], [86.746, 20.773], [86.735, 20.771], [86.729, 20.765], [86.713, 20.763], [86.712, 20.765], [86.712, 20.775], [86.71, 20.777], [86.698, 20.78], [86.693, 20.785], [86.683, 20.788], [86.68, 20.792], [86.666, 20.791], [86.665, 20.795], [86.66, 20.799], [86.658, 20.799], [86.651, 20.798], [86.646, 20.793], [86.646, 20.79], [86.641, 20.792], [86.64, 20.8], [86.636, 20.794], [86.634, 20.794], [86.629, 20.799], [86.625, 20.797], [86.625, 20.791], [86.621, 20.785], [86.616, 20.779], [86.612, 20.777], [86.609, 20.774], [86.597, 20.778], [86.59, 20.778], [86.584, 20.781], [86.572, 20.776], [86.568, 20.776], [86.566, 20.776], [86.563, 20.769], [86.563, 20.765], [86.559, 20.764], [86.555, 20.758], [86.551, 20.756], [86.544, 20.755], [86.543, 20.741], [86.546, 20.739], [86.542, 20.735], [86.55, 20.731], [86.556, 20.739], [86.562, 20.74], [86.56, 20.731], [86.555, 20.731], [86.549, 20.724], [86.549, 20.72], [86.558, 20.707], [86.551, 20.706], [86.547, 20.696], [86.544, 20.694], [86.532, 20.696], [86.531, 20.69], [86.52, 20.7], [86.517, 20.698], [86.517, 20.693], [86.514, 20.687], [86.501, 20.686], [86.495, 20.682], [86.487, 20.68], [86.474, 20.688], [86.47, 20.688], [86.467, 20.681], [86.464, 20.68], [86.461, 20.681], [86.455, 20.677], [86.458, 20.671], [86.456, 20.662], [86.458, 20.654], [86.456, 20.651], [86.43, 20.644], [86.425, 20.637], [86.422, 20.636], [86.422, 20.631], [86.426, 20.627], [86.423, 20.626], [86.416, 20.629], [86.406, 20.627], [86.395, 20.615], [86.398, 20.612], [86.396, 20.608], [86.385, 20.599], [86.375, 20.595], [86.366, 20.597], [86.36, 20.605], [86.349, 20.607], [86.349, 20.61], [86.339, 20.609], [86.333, 20.611], [86.326, 20.632], [86.323, 20.631], [86.318, 20.62], [86.321, 20.612], [86.319, 20.598], [86.322, 20.591], [86.323, 20.587], [86.316, 20.583], [86.308, 20.582], [86.304, 20.579], [86.299, 20.585], [86.295, 20.587], [86.283, 20.585], [86.277, 20.568], [86.263, 20.566], [86.26, 20.563], [86.272, 20.562], [86.273, 20.56], [86.26, 20.548], [86.253, 20.539], [86.254, 20.531], [86.262, 20.532], [86.266, 20.529], [86.269, 20.524], [86.276, 20.522], [86.277, 20.518], [86.272, 20.51], [86.279, 20.496], [86.272, 20.489], [86.268, 20.48], [86.271, 20.469], [86.272, 20.458], [86.275, 20.455], [86.268, 20.452], [86.277, 20.448], [86.279, 20.447], [86.273, 20.445], [86.27, 20.442], [86.274, 20.436], [86.273, 20.427], [86.279, 20.425], [86.28, 20.422], [86.271, 20.399], [86.28, 20.403], [86.281, 20.398], [86.274, 20.395], [86.271, 20.391], [86.265, 20.389], [86.263, 20.382], [86.253, 20.379], [86.251, 20.374], [86.255, 20.367], [86.265, 20.368], [86.267, 20.37], [86.274, 20.373], [86.277, 20.372], [86.276, 20.364], [86.279, 20.361], [86.292, 20.365], [86.303, 20.356], [86.307, 20.357], [86.314, 20.364], [86.319, 20.365], [86.318, 20.359], [86.322, 20.357], [86.331, 20.359], [86.333, 20.368], [86.337, 20.371], [86.342, 20.371], [86.344, 20.37], [86.351, 20.363], [86.353, 20.354], [86.359, 20.355], [86.37, 20.36], [86.39, 20.357], [86.393, 20.359], [86.394, 20.367], [86.398, 20.369], [86.407, 20.362], [86.415, 20.363], [86.417, 20.355], [86.425, 20.348], [86.426, 20.345], [86.434, 20.346], [86.437, 20.351], [86.438, 20.347], [86.436, 20.34], [86.445, 20.34], [86.451, 20.336], [86.457, 20.334], [86.466, 20.336], [86.469, 20.339], [86.474, 20.341], [86.497, 20.334], [86.502, 20.333], [86.511, 20.336], [86.519, 20.342], [86.529, 20.344], [86.537, 20.34], [86.551, 20.328], [86.562, 20.328], [86.579, 20.339], [86.582, 20.34], [86.584, 20.339], [86.597, 20.345], [86.612, 20.345], [86.626, 20.338], [86.659, 20.335], [86.678, 20.323], [86.684, 20.322], [86.695, 20.303], [86.699, 20.301], [86.716, 20.301]]], [[[86.791, 20.444], [86.796, 20.453], [86.804, 20.462], [86.81, 20.476], [86.811, 20.484], [86.809, 20.491], [86.806, 20.498], [86.803, 20.501], [86.802, 20.5], [86.803, 20.499], [86.804, 20.49], [86.804, 20.478], [86.801, 20.474], [86.801, 20.461], [86.792, 20.454], [86.791, 20.449], [86.788, 20.446], [86.789, 20.444], [86.791, 20.444]]], [[[86.79, 20.388], [86.794, 20.392], [86.793, 20.405], [86.796, 20.412], [86.793, 20.426], [86.791, 20.428], [86.791, 20.409], [86.788, 20.405], [86.79, 20.402], [86.79, 20.388]]], [[[86.793, 20.373], [86.791, 20.373], [86.791, 20.365], [86.796, 20.372], [86.793, 20.373]]], [[[86.793, 20.38], [86.791, 20.379], [86.791, 20.376], [86.796, 20.374], [86.798, 20.376], [86.795, 20.38], [86.793, 20.38]]], [[[86.794, 20.384], [86.794, 20.388], [86.792, 20.386], [86.793, 20.384], [86.794, 20.384]]]]}}, {"type": "Feature", "properties": {"regionId": "odisha", "districtName": "Jagatsinghapur"}, "geometry": {"type": "Polygon", "coordinates": [[[86.372, 19.956], [86.386, 19.961], [86.405, 19.97], [86.416, 19.979], [86.422, 19.988], [86.423, 20.0], [86.418, 20.021], [86.422, 20.031], [86.43, 20.041], [86.436, 20.056], [86.468, 20.089], [86.494, 20.122], [86.512, 20.155], [86.525, 20.171], [86.533, 20.18], [86.553, 20.194], [86.607, 20.232], [86.625, 20.24], [86.68, 20.259], [86.673, 20.261], [86.681, 20.27], [86.693, 20.277], [86.718, 20.288], [86.718, 20.291], [86.714, 20.299], [86.716, 20.301], [86.699, 20.301], [86.695, 20.303], [86.684, 20.322], [86.678, 20.323], [86.659, 20.335], [86.626, 20.338], [86.612, 20.345], [86.597, 20.345], [86.584, 20.339], [86.582, 20.34], [86.579, 20.339], [86.562, 20.328], [86.551, 20.328], [86.537, 20.34], [86.529, 20.344], [86.519, 20.342], [86.511, 20.336], [86.502, 20.333], [86.497, 20.334], [86.474, 20.341], [86.469, 20.339], [86.466, 20.336], [86.457, 20.334], [86.451, 20.336], [86.445, 20.34], [86.436, 20.34], [86.438, 20.347], [86.437, 20.351], [86.434, 20.346], [86.426, 20.345], [86.425, 20.348], [86.417, 20.355], [86.415, 20.363], [86.407, 20.362], [86.398, 20.369], [86.394, 20.367], [86.393, 20.359], [86.39, 20.357], [86.37, 20.36], [86.359, 20.355], [86.353, 20.354], [86.351, 20.363], [86.344, 20.37], [86.342, 20.371], [86.337, 20.371], [86.333, 20.368], [86.331, 20.359], [86.322, 20.357], [86.318, 20.359], [86.319, 20.365], [86.314, 20.364], [86.307, 20.357], [86.303, 20.356], [86.292, 20.365], [86.279, 20.361], [86.276, 20.364], [86.277, 20.372], [86.274, 20.373], [86.267, 20.37], [86.265, 20.368], [86.255, 20.367], [86.248, 20.365], [86.236, 20.365], [86.229, 20.362], [86.202, 20.364], [86.194, 20.373], [86.19, 20.375], [86.175, 20.378], [86.168, 20.377], [86.142, 20.359], [86.137, 20.358], [86.087, 20.368], [86.055, 20.392], [86.05, 20.394], [86.035, 20.395], [86.027, 20.402], [86.015, 20.382], [86.025, 20.358], [86.027, 20.35], [86.036, 20.341], [86.03, 20.333], [86.034, 20.312], [86.03, 20.301], [86.032, 20.297], [86.042, 20.294], [86.053, 20.275], [86.055, 20.276], [86.059, 20.273], [86.065, 20.274], [86.069, 20.272], [86.079, 20.246], [86.095, 20.242], [86.101, 20.236], [86.126, 20.227], [86.129, 20.223], [86.14, 20.221], [86.151, 20.223], [86.155, 20.212], [86.151, 20.204], [86.142, 20.198], [86.143, 20.196], [86.148, 20.194], [86.152, 20.19], [86.153, 20.183], [86.152, 20.178], [86.145, 20.169], [86.148, 20.167], [86.147, 20.163], [86.152, 20.162], [86.146, 20.147], [86.16, 20.135], [86.159, 20.126], [86.165, 20.118], [86.167, 20.113], [86.163, 20.108], [86.157, 20.095], [86.159, 20.092], [86.168, 20.085], [86.17, 20.074], [86.189, 20.054], [86.196, 20.052], [86.199, 20.052], [86.2, 20.054], [86.205, 20.053], [86.206, 20.049], [86.21, 20.046], [86.208, 20.045], [86.207, 20.043], [86.209, 20.04], [86.213, 20.044], [86.225, 20.039], [86.228, 20.039], [86.23, 20.043], [86.234, 20.044], [86.248, 20.039], [86.257, 20.055], [86.269, 20.054], [86.276, 20.058], [86.278, 20.058], [86.282, 20.056], [86.28, 20.05], [86.273, 20.045], [86.283, 20.045], [86.3, 20.031], [86.304, 20.031], [86.313, 20.028], [86.317, 20.029], [86.321, 20.024], [86.327, 20.019], [86.344, 19.985], [86.356, 19.975], [86.368, 19.976], [86.37, 19.959], [86.375, 19.958], [86.372, 19.956]]]}}, {"type": "Feature", "properties": {"regionId": "odisha", "districtName": "Puri"}, "geometry": {"type": "Polygon", "coordinates": [[[86.082, 20.107], [86.079, 20.107], [86.073, 20.11], [86.063, 20.11], [86.057, 20.106], [86.048, 20.107], [86.042, 20.109], [86.032, 20.108], [86.021, 20.103], [86.015, 20.106], [86.012, 20.115], [86.007, 20.117], [86.003, 20.111], [86.0, 20.111], [85.995, 20.107], [85.989, 20.112], [85.968, 20.117], [85.96, 20.121], [85.955, 20.113], [85.951, 20.12], [85.948, 20.12], [85.945, 20.118], [85.946, 20.114], [85.936, 20.116], [85.932, 20.114], [85.927, 20.115], [85.905, 20.127], [85.9, 20.113], [85.885, 20.111], [85.875, 20.123], [85.879, 20.129], [85.887, 20.132], [85.89, 20.135], [85.898, 20.141], [85.902, 20.145], [85.901, 20.148], [85.895, 20.16], [85.889, 20.177], [85.87, 20.188], [85.867, 20.191], [85.853, 20.194], [85.857, 20.18], [85.856, 20.176], [85.845, 20.175], [85.841, 20.193], [85.839, 20.195], [85.829, 20.173], [85.827, 20.159], [85.812, 20.16], [85.806, 20.159], [85.802, 20.152], [85.796, 20.151], [85.783, 20.158], [85.783, 20.161], [85.785, 20.162], [85.785, 20.165], [85.783, 20.167], [85.771, 20.168], [85.765, 20.167], [85.762, 20.162], [85.764, 20.155], [85.763, 20.153], [85.751, 20.151], [85.747, 20.148], [85.733, 20.152], [85.725, 20.143], [85.725, 20.135], [85.722, 20.13], [85.719, 20.138], [85.72, 20.143], [85.707, 20.145], [85.7, 20.152], [85.694, 20.152], [85.689, 20.15], [85.684, 20.14], [85.683, 20.132], [85.678, 20.124], [85.677, 20.113], [85.684, 20.107], [85.687, 20.099], [85.692, 20.096], [85.683, 20.093], [85.677, 20.087], [85.676, 20.083], [85.677, 20.08], [85.681, 20.078], [85.68, 20.072], [85.664, 20.066], [85.658, 20.065], [85.653, 20.066], [85.65, 20.071], [85.648, 20.076], [85.65, 20.092], [85.652, 20.097], [85.633, 20.101], [85.633, 20.098], [85.645, 20.089], [85.645, 20.084], [85.643, 20.084], [85.639, 20.074], [85.624, 20.067], [85.62, 20.059], [85.617, 20.043], [85.624, 20.03], [85.631, 20.025], [85.624, 20.014], [85.624, 20.01], [85.619, 20.001], [85.618, 19.992], [85.611, 20.001], [85.617, 20.019], [85.614, 20.02], [85.609, 20.017], [85.597, 20.001], [85.594, 19.996], [85.591, 19.998], [85.59, 20.003], [85.582, 20.009], [85.579, 20.019], [85.573, 20.024], [85.564, 20.007], [85.566, 20.005], [85.569, 19.977], [85.564, 19.981], [85.561, 19.979], [85.56, 19.974], [85.564, 19.971], [85.569, 19.969], [85.568, 19.954], [85.565, 19.95], [85.561, 19.95], [85.555, 19.953], [85.555, 19.962], [85.553, 19.963], [85.547, 19.957], [85.542, 19.961], [85.534, 19.968], [85.536, 19.976], [85.531, 19.978], [85.525, 19.976], [85.519, 19.97], [85.515, 19.955], [85.507, 19.951], [85.502, 19.946], [85.504, 19.944], [85.509, 19.947], [85.519, 19.943], [85.52, 19.937], [85.509, 19.934], [85.51, 19.926], [85.523, 19.93], [85.528, 19.942], [85.533, 19.941], [85.537, 19.937], [85.536, 19.928], [85.567, 19.917], [85.563, 19.908], [85.57, 19.905], [85.564, 19.855], [85.56, 19.862], [85.561, 19.879], [85.539, 19.891], [85.536, 19.892], [85.524, 19.888], [85.518, 19.889], [85.508, 19.888], [85.503, 19.889], [85.49, 19.887], [85.484, 19.885], [85.479, 19.886], [85.475, 19.892], [85.471, 19.892], [85.467, 19.889], [85.461, 19.889], [85.449, 19.887], [85.444, 19.888], [85.436, 19.893], [85.428, 19.894], [85.416, 19.885], [85.41, 19.887], [85.407, 19.886], [85.406, 19.878], [85.409, 19.874], [85.397, 19.859], [85.389, 19.852], [85.381, 19.843], [85.376, 19.84], [85.36, 19.836], [85.346, 19.829], [85.344, 19.826], [85.343, 19.812], [85.332, 19.806], [85.323, 19.797], [85.316, 19.796], [85.309, 19.799], [85.301, 19.799], [85.29, 19.791], [85.277, 19.791], [85.265, 19.783], [85.26, 19.786], [85.255, 19.784], [85.253, 19.78], [85.256, 19.776], [85.257, 19.772], [85.245, 19.765], [85.242, 19.761], [85.241, 19.755], [85.244, 19.748], [85.242, 19.742], [85.229, 19.75], [85.219, 19.746], [85.216, 19.741], [85.213, 19.731], [85.21, 19.727], [85.2, 19.723], [85.191, 19.712], [85.19, 19.709], [85.191, 19.702], [85.194, 19.694], [85.205, 19.689], [85.206, 19.685], [85.194, 19.679], [85.184, 19.676], [85.181, 19.613], [85.177, 19.581], [85.177, 19.558], [85.137, 19.522], [85.159, 19.484], [85.174, 19.468], [85.281, 19.544], [85.336, 19.579], [85.422, 19.624], [85.495, 19.655], [85.67, 19.74], [85.794, 19.785], [85.925, 19.823], [85.953, 19.83], [86.045, 19.847], [86.068, 19.853], [86.075, 19.856], [86.138, 19.872], [86.196, 19.89], [86.23, 19.903], [86.244, 19.911], [86.258, 19.917], [86.286, 19.931], [86.298, 19.936], [86.315, 19.941], [86.372, 19.956], [86.375, 19.958], [86.37, 19.959], [86.368, 19.976], [86.356, 19.975], [86.344, 19.985], [86.327, 20.019], [86.321, 20.024], [86.317, 20.029], [86.313, 20.028], [86.304, 20.031], [86.3, 20.031], [86.283, 20.045], [86.273, 20.045], [86.28, 20.05], [86.282, 20.056], [86.278, 20.058], [86.276, 20.058], [86.269, 20.054], [86.257, 20.055], [86.248, 20.039], [86.234, 20.044], [86.23, 20.043], [86.228, 20.039], [86.225, 20.039], [86.213, 20.044], [86.209, 20.04], [86.207, 20.043], [86.208, 20.045], [86.21, 20.046], [86.206, 20.049], [86.205, 20.053], [86.2, 20.054], [86.199, 20.052], [86.196, 20.052], [86.189, 20.054], [86.183, 20.051], [86.177, 20.052], [86.171, 20.05], [86.17, 20.045], [86.16, 20.046], [86.153, 20.043], [86.147, 20.046], [86.134, 20.04], [86.122, 20.043], [86.12, 20.049], [86.129, 20.057], [86.128, 20.061], [86.117, 20.067], [86.103, 20.068], [86.097, 20.066], [86.09, 20.061], [86.085, 20.068], [86.082, 20.069], [86.077, 20.079], [86.077, 20.083], [86.089, 20.086], [86.091, 20.092], [86.085, 20.105], [86.082, 20.107]]]}}, {"type": "Feature", "properties": {"regionId": "odisha", "districtName": "Ganjam"}, "geometry": {"type": "Polygon", "coordinates": [[[84.768, 19.081], [84.792, 19.121], [84.805, 19.149], [84.839, 19.192], [84.862, 19.216], [84.931, 19.276], [84.974, 19.311], [85.038, 19.352], [85.072, 19.369], [85.082, 19.376], [85.089, 19.387], [85.092, 19.398], [85.096, 19.405], [85.104, 19.414], [85.139, 19.442], [85.174, 19.468], [85.159, 19.484], [85.137, 19.522], [85.177, 19.558], [85.177, 19.581], [85.181, 19.613], [85.184, 19.676], [85.184, 19.678], [85.175, 19.683], [85.171, 19.691], [85.162, 19.697], [85.162, 19.701], [85.146, 19.724], [85.146, 19.729], [85.128, 19.75], [85.088, 19.767], [85.079, 19.786], [85.077, 19.792], [85.044, 19.807], [85.032, 19.809], [85.015, 19.806], [85.009, 19.803], [85.0, 19.817], [84.99, 19.823], [84.984, 19.825], [84.981, 19.83], [84.979, 19.84], [84.972, 19.853], [84.956, 19.863], [84.951, 19.869], [84.939, 19.871], [84.936, 19.873], [84.941, 19.889], [84.94, 19.898], [84.932, 19.905], [84.911, 19.906], [84.907, 19.912], [84.906, 19.915], [84.918, 19.929], [84.924, 19.942], [84.915, 19.959], [84.902, 19.994], [84.894, 19.995], [84.888, 20.0], [84.87, 19.999], [84.863, 20.001], [84.857, 20.031], [84.839, 20.051], [84.828, 20.06], [84.817, 20.063], [84.811, 20.07], [84.799, 20.095], [84.8, 20.098], [84.806, 20.101], [84.808, 20.106], [84.804, 20.115], [84.82, 20.118], [84.822, 20.123], [84.828, 20.163], [84.826, 20.171], [84.826, 20.184], [84.835, 20.209], [84.835, 20.218], [84.829, 20.223], [84.792, 20.23], [84.781, 20.236], [84.777, 20.244], [84.769, 20.248], [84.764, 20.247], [84.76, 20.244], [84.752, 20.244], [84.744, 20.246], [84.731, 20.253], [84.715, 20.274], [84.708, 20.28], [84.697, 20.282], [84.673, 20.274], [84.669, 20.267], [84.667, 20.259], [84.667, 20.25], [84.652, 20.231], [84.65, 20.224], [84.648, 20.207], [84.634, 20.194], [84.607, 20.18], [84.6, 20.178], [84.594, 20.18], [84.59, 20.184], [84.585, 20.192], [84.587, 20.174], [84.576, 20.17], [84.559, 20.162], [84.559, 20.156], [84.564, 20.147], [84.564, 20.141], [84.552, 20.144], [84.53, 20.144], [84.526, 20.147], [84.522, 20.155], [84.518, 20.156], [84.51, 20.154], [84.508, 20.149], [84.508, 20.143], [84.506, 20.141], [84.497, 20.145], [84.486, 20.143], [84.479, 20.147], [84.453, 20.17], [84.451, 20.182], [84.459, 20.189], [84.458, 20.192], [84.446, 20.207], [84.437, 20.206], [84.435, 20.203], [84.435, 20.196], [84.429, 20.186], [84.432, 20.177], [84.433, 20.17], [84.436, 20.166], [84.435, 20.156], [84.441, 20.151], [84.432, 20.145], [84.428, 20.146], [84.429, 20.132], [84.426, 20.125], [84.417, 20.123], [84.415, 20.121], [84.415, 20.105], [84.411, 20.1], [84.412, 20.094], [84.41, 20.091], [84.403, 20.088], [84.401, 20.077], [84.402, 20.073], [84.411, 20.066], [84.412, 20.059], [84.415, 20.054], [84.411, 20.051], [84.405, 20.049], [84.399, 20.048], [84.371, 20.034], [84.362, 20.031], [84.356, 20.037], [84.347, 20.026], [84.341, 20.015], [84.341, 20.013], [84.337, 20.014], [84.333, 20.011], [84.331, 20.007], [84.332, 20.001], [84.324, 19.988], [84.332, 19.98], [84.336, 19.978], [84.346, 19.982], [84.352, 19.989], [84.356, 19.99], [84.359, 19.988], [84.377, 19.966], [84.393, 19.956], [84.398, 19.956], [84.401, 19.961], [84.406, 19.961], [84.412, 19.957], [84.415, 19.959], [84.422, 19.955], [84.434, 19.959], [84.453, 19.951], [84.465, 19.953], [84.47, 19.94], [84.462, 19.928], [84.463, 19.915], [84.458, 19.905], [84.462, 19.878], [84.458, 19.871], [84.462, 19.867], [84.463, 19.86], [84.46, 19.854], [84.446, 19.844], [84.445, 19.841], [84.451, 19.836], [84.446, 19.831], [84.441, 19.831], [84.433, 19.838], [84.424, 19.836], [84.383, 19.842], [84.363, 19.854], [84.356, 19.864], [84.349, 19.861], [84.344, 19.861], [84.321, 19.877], [84.308, 19.906], [84.29, 19.894], [84.278, 19.879], [84.235, 19.868], [84.195, 19.86], [84.187, 19.861], [84.185, 19.86], [84.202, 19.835], [84.191, 19.825], [84.186, 19.822], [84.174, 19.82], [84.174, 19.812], [84.168, 19.804], [84.174, 19.793], [84.229, 19.789], [84.232, 19.788], [84.234, 19.785], [84.234, 19.778], [84.236, 19.777], [84.233, 19.774], [84.225, 19.767], [84.206, 19.764], [84.199, 19.761], [84.2, 19.759], [84.205, 19.762], [84.209, 19.761], [84.211, 19.754], [84.208, 19.748], [84.194, 19.735], [84.203, 19.731], [84.19, 19.704], [84.202, 19.691], [84.201, 19.684], [84.212, 19.681], [84.219, 19.673], [84.222, 19.675], [84.227, 19.667], [84.239, 19.664], [84.241, 19.661], [84.247, 19.643], [84.238, 19.637], [84.236, 19.628], [84.228, 19.628], [84.227, 19.626], [84.229, 19.617], [84.236, 19.61], [84.234, 19.598], [84.241, 19.576], [84.251, 19.572], [84.253, 19.537], [84.257, 19.518], [84.26, 19.516], [84.254, 19.506], [84.253, 19.501], [84.257, 19.498], [84.305, 19.496], [84.315, 19.514], [84.319, 19.525], [84.318, 19.539], [84.324, 19.545], [84.333, 19.549], [84.344, 19.545], [84.36, 19.543], [84.364, 19.539], [84.372, 19.54], [84.374, 19.527], [84.377, 19.521], [84.375, 19.506], [84.381, 19.495], [84.375, 19.484], [84.377, 19.481], [84.385, 19.477], [84.387, 19.467], [84.395, 19.467], [84.395, 19.449], [84.407, 19.446], [84.401, 19.428], [84.394, 19.427], [84.403, 19.416], [84.402, 19.414], [84.398, 19.414], [84.39, 19.392], [84.382, 19.385], [84.382, 19.382], [84.395, 19.37], [84.441, 19.363], [84.431, 19.357], [84.424, 19.351], [84.416, 19.334], [84.419, 19.322], [84.419, 19.309], [84.421, 19.305], [84.428, 19.299], [84.422, 19.286], [84.421, 19.28], [84.425, 19.267], [84.425, 19.262], [84.418, 19.25], [84.41, 19.241], [84.409, 19.238], [84.411, 19.226], [84.408, 19.223], [84.4, 19.218], [84.396, 19.212], [84.395, 19.208], [84.401, 19.192], [84.404, 19.189], [84.403, 19.172], [84.405, 19.166], [84.409, 19.161], [84.412, 19.149], [84.417, 19.146], [84.418, 19.143], [84.416, 19.142], [84.411, 19.142], [84.41, 19.135], [84.407, 19.128], [84.399, 19.122], [84.395, 19.127], [84.392, 19.127], [84.388, 19.132], [84.388, 19.138], [84.391, 19.141], [84.377, 19.141], [84.376, 19.136], [84.378, 19.132], [84.387, 19.128], [84.388, 19.126], [84.387, 19.122], [84.388, 19.117], [84.379, 19.102], [84.382, 19.089], [84.38, 19.086], [84.372, 19.079], [84.365, 19.067], [84.362, 19.057], [84.358, 19.054], [84.361, 19.049], [84.373, 19.064], [84.375, 19.072], [84.384, 19.089], [84.393, 19.091], [84.4, 19.103], [84.403, 19.104], [84.398, 19.09], [84.392, 19.085], [84.39, 19.084], [84.38, 19.07], [84.381, 19.068], [84.388, 19.07], [84.385, 19.064], [84.379, 19.056], [84.38, 19.052], [84.383, 19.052], [84.386, 19.047], [84.386, 19.041], [84.38, 19.035], [84.374, 19.017], [84.37, 19.011], [84.373, 19.009], [84.373, 19.001], [84.382, 18.991], [84.379, 18.989], [84.374, 18.983], [84.372, 18.973], [84.379, 18.969], [84.388, 18.961], [84.393, 18.961], [84.395, 18.959], [84.398, 18.966], [84.408, 18.972], [84.416, 18.971], [84.416, 18.965], [84.415, 18.964], [84.411, 18.964], [84.409, 18.959], [84.401, 18.955], [84.4, 18.954], [84.4, 18.95], [84.403, 18.943], [84.408, 18.938], [84.412, 18.939], [84.414, 18.944], [84.417, 18.946], [84.423, 18.948], [84.427, 18.958], [84.424, 18.964], [84.429, 18.965], [84.437, 18.973], [84.443, 18.973], [84.444, 18.975], [84.444, 18.977], [84.435, 18.979], [84.434, 18.982], [84.432, 18.987], [84.435, 18.992], [84.434, 18.994], [84.432, 19.005], [84.423, 19.018], [84.422, 19.023], [84.427, 19.022], [84.429, 19.018], [84.437, 19.011], [84.44, 19.011], [84.444, 19.007], [84.451, 19.004], [84.459, 18.998], [84.47, 18.993], [84.479, 18.991], [84.483, 19.001], [84.485, 19.017], [84.489, 19.019], [84.496, 19.031], [84.505, 19.034], [84.517, 19.047], [84.534, 19.048], [84.538, 19.054], [84.542, 19.055], [84.561, 19.057], [84.567, 19.069], [84.573, 19.075], [84.576, 19.07], [84.578, 19.07], [84.583, 19.074], [84.585, 19.072], [84.582, 19.047], [84.581, 19.045], [84.585, 19.029], [84.595, 19.023], [84.597, 19.023], [84.604, 19.029], [84.607, 19.043], [84.615, 19.055], [84.616, 19.056], [84.621, 19.056], [84.618, 19.063], [84.62, 19.064], [84.63, 19.065], [84.633, 19.06], [84.637, 19.059], [84.644, 19.067], [84.655, 19.066], [84.661, 19.062], [84.666, 19.073], [84.67, 19.074], [84.671, 19.076], [84.667, 19.081], [84.661, 19.091], [84.656, 19.094], [84.652, 19.094], [84.642, 19.088], [84.641, 19.084], [84.638, 19.082], [84.627, 19.086], [84.624, 19.095], [84.624, 19.1], [84.621, 19.102], [84.617, 19.1], [84.612, 19.102], [84.61, 19.106], [84.607, 19.116], [84.599, 19.131], [84.599, 19.133], [84.616, 19.127], [84.632, 19.128], [84.636, 19.13], [84.647, 19.132], [84.649, 19.134], [84.654, 19.13], [84.66, 19.132], [84.664, 19.131], [84.668, 19.131], [84.671, 19.138], [84.673, 19.145], [84.672, 19.154], [84.67, 19.157], [84.672, 19.166], [84.676, 19.165], [84.68, 19.166], [84.688, 19.159], [84.699, 19.161], [84.704, 19.16], [84.709, 19.161], [84.712, 19.158], [84.713, 19.153], [84.704, 19.135], [84.701, 19.131], [84.701, 19.129], [84.705, 19.125], [84.704, 19.118], [84.768, 19.081]]]}}, {"type": "Feature", "properties": {"regionId": "sundarbans", "districtName": "South Twenty Four Parganas"}, "geometry": {"type": "Polygon", "coordinates": [[[88.274, 22.556], [88.26, 22.559], [88.247, 22.561], [88.237, 22.555], [88.236, 22.545], [88.241, 22.538], [88.244, 22.528], [88.238, 22.522], [88.228, 22.517], [88.212, 22.515], [88.195, 22.506], [88.189, 22.5], [88.185, 22.506], [88.178, 22.495], [88.169, 22.488], [88.148, 22.484], [88.13, 22.478], [88.125, 22.476], [88.118, 22.468], [88.115, 22.458], [88.117, 22.446], [88.132, 22.42], [88.133, 22.414], [88.125, 22.406], [88.098, 22.391], [88.091, 22.386], [88.082, 22.375], [88.076, 22.363], [88.079, 22.364], [88.079, 22.358], [88.088, 22.341], [88.097, 22.319], [88.098, 22.313], [88.094, 22.304], [88.098, 22.303], [88.085, 22.273], [88.082, 22.263], [88.081, 22.254], [88.085, 22.246], [88.083, 22.239], [88.067, 22.215], [88.063, 22.206], [88.073, 22.2], [88.083, 22.2], [88.105, 22.203], [88.146, 22.196], [88.166, 22.189], [88.182, 22.179], [88.187, 22.172], [88.189, 22.163], [88.197, 22.147], [88.205, 22.128], [88.209, 22.122], [88.212, 22.112], [88.208, 22.091], [88.203, 22.081], [88.19, 22.062], [88.18, 22.053], [88.174, 22.043], [88.153, 22.023], [88.138, 22.011], [88.132, 22.004], [88.132, 22.001], [88.081, 21.966], [88.07, 21.943], [88.066, 21.929], [88.067, 21.91], [88.071, 21.909], [88.062, 21.896], [88.012, 21.746], [87.953, 21.656], [87.945, 21.562], [88.001, 21.524], [88.072, 21.507], [88.159, 21.52], [88.183, 21.541], [88.201, 21.574], [88.201, 21.619], [88.205, 21.608], [88.211, 21.606], [88.209, 21.617], [88.219, 21.617], [88.232, 21.603], [88.239, 21.588], [88.239, 21.579], [88.234, 21.577], [88.234, 21.576], [88.238, 21.576], [88.24, 21.57], [88.25, 21.562], [88.264, 21.558], [88.279, 21.557], [88.29, 21.56], [88.296, 21.564], [88.304, 21.576], [88.318, 21.604], [88.328, 21.615], [88.346, 21.631], [88.348, 21.636], [88.346, 21.643], [88.35, 21.651], [88.349, 21.652], [88.345, 21.646], [88.345, 21.65], [88.347, 21.656], [88.344, 21.666], [88.345, 21.671], [88.348, 21.676], [88.35, 21.683], [88.355, 21.686], [88.365, 21.688], [88.366, 21.691], [88.373, 21.689], [88.379, 21.682], [88.379, 21.678], [88.382, 21.668], [88.382, 21.663], [88.387, 21.651], [88.385, 21.633], [88.394, 21.621], [88.391, 21.613], [88.401, 21.608], [88.404, 21.617], [88.426, 21.625], [88.43, 21.63], [88.437, 21.63], [88.443, 21.626], [88.449, 21.625], [88.453, 21.629], [88.465, 21.634], [88.492, 21.636], [88.522, 21.631], [88.525, 21.627], [88.524, 21.624], [88.517, 21.616], [88.516, 21.613], [88.517, 21.611], [88.513, 21.61], [88.511, 21.603], [88.495, 21.599], [88.485, 21.585], [88.481, 21.553], [88.488, 21.549], [88.505, 21.542], [88.519, 21.541], [88.547, 21.546], [88.544, 21.565], [88.558, 21.568], [88.568, 21.574], [88.573, 21.575], [88.58, 21.581], [88.584, 21.589], [88.594, 21.594], [88.625, 21.598], [88.648, 21.598], [88.664, 21.595], [88.718, 21.582], [88.723, 21.579], [88.733, 21.577], [88.748, 21.586], [88.758, 21.581], [88.787, 21.583], [88.793, 21.587], [88.795, 21.591], [88.793, 21.6], [88.794, 21.604], [88.799, 21.607], [88.81, 21.607], [88.823, 21.606], [88.832, 21.599], [88.831, 21.577], [88.843, 21.558], [88.854, 21.555], [88.871, 21.555], [88.88, 21.554], [88.892, 21.555], [88.898, 21.557], [88.901, 21.564], [88.897, 21.574], [88.881, 21.588], [88.872, 21.593], [88.843, 21.6], [88.845, 21.627], [88.858, 21.639], [88.865, 21.649], [88.872, 21.654], [88.886, 21.658], [88.89, 21.657], [88.896, 21.653], [88.901, 21.654], [88.91, 21.643], [88.92, 21.634], [88.923, 21.638], [88.924, 21.645], [88.926, 21.646], [88.933, 21.646], [88.939, 21.645], [88.946, 21.639], [88.962, 21.619], [88.99, 21.615], [88.991, 21.616], [88.994, 21.623], [88.998, 21.624], [88.999, 21.605], [89.002, 21.604], [89.004, 21.606], [89.007, 21.605], [89.022, 21.605], [89.034, 21.613], [89.035, 21.615], [89.033, 21.625], [89.025, 21.628], [89.026, 21.63], [89.03, 21.635], [89.035, 21.633], [89.051, 21.622], [89.057, 21.621], [89.063, 21.622], [89.074, 21.627], [89.076, 21.626], [89.081, 21.633], [89.086, 21.633], [89.09, 21.637], [89.092, 21.642], [89.121, 21.661], [89.105, 21.682], [89.096, 21.711], [89.082, 21.731], [89.061, 21.746], [89.047, 21.759], [89.035, 21.775], [89.031, 21.787], [89.033, 21.809], [89.044, 21.837], [89.044, 21.846], [89.044, 21.861], [89.04, 21.874], [89.028, 21.885], [89.025, 21.89], [89.024, 21.898], [89.026, 21.908], [89.029, 21.917], [89.037, 21.923], [89.058, 21.925], [89.072, 21.932], [89.079, 21.939], [89.083, 21.952], [89.082, 22.001], [89.08, 22.02], [89.076, 22.028], [89.064, 22.039], [89.056, 22.048], [89.054, 22.053], [89.052, 22.066], [89.044, 22.091], [89.044, 22.101], [89.053, 22.115], [89.072, 22.13], [89.089, 22.14], [89.095, 22.146], [89.098, 22.155], [89.096, 22.159], [89.094, 22.161], [89.09, 22.16], [89.078, 22.147], [89.073, 22.148], [89.07, 22.15], [89.065, 22.163], [89.064, 22.169], [89.066, 22.178], [89.07, 22.182], [89.059, 22.188], [89.058, 22.196], [89.063, 22.195], [89.065, 22.198], [89.058, 22.202], [89.057, 22.207], [89.051, 22.206], [89.048, 22.211], [89.04, 22.209], [89.039, 22.214], [89.036, 22.217], [89.028, 22.218], [89.024, 22.217], [89.022, 22.214], [89.023, 22.208], [89.02, 22.202], [89.013, 22.204], [88.991, 22.201], [88.98, 22.202], [88.971, 22.214], [88.967, 22.231], [88.962, 22.243], [88.958, 22.246], [88.95, 22.248], [88.945, 22.251], [88.942, 22.254], [88.942, 22.261], [88.937, 22.261], [88.931, 22.257], [88.923, 22.267], [88.92, 22.265], [88.917, 22.26], [88.916, 22.247], [88.907, 22.246], [88.907, 22.251], [88.903, 22.252], [88.899, 22.262], [88.894, 22.263], [88.89, 22.269], [88.885, 22.268], [88.878, 22.265], [88.876, 22.271], [88.87, 22.273], [88.863, 22.28], [88.856, 22.269], [88.849, 22.266], [88.842, 22.258], [88.828, 22.256], [88.828, 22.275], [88.826, 22.277], [88.817, 22.277], [88.815, 22.289], [88.823, 22.311], [88.815, 22.321], [88.818, 22.326], [88.828, 22.353], [88.832, 22.355], [88.83, 22.36], [88.831, 22.362], [88.83, 22.365], [88.812, 22.366], [88.809, 22.365], [88.805, 22.361], [88.799, 22.361], [88.791, 22.358], [88.786, 22.361], [88.782, 22.361], [88.779, 22.364], [88.778, 22.368], [88.783, 22.374], [88.783, 22.377], [88.781, 22.378], [88.778, 22.372], [88.775, 22.37], [88.771, 22.373], [88.771, 22.374], [88.772, 22.377], [88.776, 22.38], [88.774, 22.384], [88.769, 22.386], [88.764, 22.381], [88.758, 22.38], [88.757, 22.382], [88.762, 22.385], [88.762, 22.388], [88.76, 22.389], [88.757, 22.387], [88.75, 22.39], [88.742, 22.397], [88.742, 22.408], [88.739, 22.411], [88.731, 22.415], [88.724, 22.416], [88.712, 22.423], [88.711, 22.433], [88.716, 22.439], [88.715, 22.446], [88.711, 22.448], [88.71, 22.45], [88.701, 22.451], [88.694, 22.456], [88.692, 22.463], [88.684, 22.469], [88.682, 22.473], [88.672, 22.481], [88.668, 22.483], [88.655, 22.484], [88.657, 22.491], [88.663, 22.493], [88.662, 22.501], [88.664, 22.505], [88.657, 22.508], [88.66, 22.517], [88.658, 22.518], [88.654, 22.517], [88.652, 22.518], [88.644, 22.533], [88.639, 22.535], [88.639, 22.538], [88.634, 22.539], [88.635, 22.549], [88.631, 22.549], [88.631, 22.553], [88.629, 22.554], [88.633, 22.567], [88.63, 22.571], [88.63, 22.573], [88.628, 22.574], [88.626, 22.573], [88.62, 22.573], [88.617, 22.583], [88.607, 22.584], [88.606, 22.588], [88.598, 22.589], [88.601, 22.601], [88.6, 22.605], [88.595, 22.606], [88.586, 22.605], [88.582, 22.607], [88.578, 22.613], [88.566, 22.618], [88.564, 22.616], [88.564, 22.613], [88.559, 22.614], [88.556, 22.605], [88.556, 22.6], [88.553, 22.599], [88.554, 22.602], [88.552, 22.602], [88.549, 22.601], [88.55, 22.598], [88.548, 22.598], [88.547, 22.597], [88.551, 22.593], [88.55, 22.587], [88.552, 22.583], [88.555, 22.584], [88.558, 22.58], [88.55, 22.58], [88.548, 22.574], [88.55, 22.569], [88.546, 22.567], [88.544, 22.563], [88.543, 22.564], [88.541, 22.564], [88.543, 22.553], [88.537, 22.555], [88.531, 22.552], [88.525, 22.552], [88.52, 22.55], [88.521, 22.547], [88.518, 22.547], [88.52, 22.537], [88.512, 22.538], [88.508, 22.54], [88.506, 22.543], [88.503, 22.542], [88.504, 22.545], [88.503, 22.548], [88.495, 22.546], [88.493, 22.547], [88.486, 22.547], [88.486, 22.549], [88.478, 22.553], [88.479, 22.556], [88.477, 22.558], [88.471, 22.559], [88.471, 22.566], [88.469, 22.566], [88.466, 22.563], [88.463, 22.564], [88.459, 22.555], [88.461, 22.549], [88.457, 22.543], [88.452, 22.512], [88.449, 22.503], [88.446, 22.501], [88.44, 22.505], [88.436, 22.506], [88.431, 22.51], [88.411, 22.54], [88.411, 22.542], [88.408, 22.544], [88.402, 22.559], [88.401, 22.558], [88.401, 22.553], [88.394, 22.545], [88.39, 22.543], [88.39, 22.538], [88.383, 22.528], [88.379, 22.525], [88.374, 22.527], [88.37, 22.505], [88.367, 22.499], [88.362, 22.499], [88.35, 22.499], [88.339, 22.502], [88.327, 22.51], [88.315, 22.51], [88.291, 22.518], [88.291, 22.529], [88.288, 22.539], [88.284, 22.547], [88.278, 22.548], [88.275, 22.55], [88.274, 22.556]]]}}, {"type": "Feature", "properties": {"regionId": "sundarbans", "districtName": "North Twenty Four Parganas"}, "geometry": {"type": "Polygon", "coordinates": [[[88.411, 22.946], [88.413, 22.932], [88.405, 22.915], [88.408, 22.905], [88.41, 22.884], [88.407, 22.877], [88.399, 22.871], [88.38, 22.863], [88.374, 22.854], [88.373, 22.844], [88.376, 22.835], [88.374, 22.832], [88.372, 22.829], [88.365, 22.828], [88.363, 22.825], [88.361, 22.826], [88.358, 22.821], [88.359, 22.814], [88.358, 22.801], [88.356, 22.795], [88.349, 22.79], [88.347, 22.79], [88.34, 22.784], [88.339, 22.786], [88.336, 22.784], [88.334, 22.78], [88.335, 22.774], [88.338, 22.769], [88.344, 22.764], [88.357, 22.758], [88.364, 22.75], [88.366, 22.746], [88.365, 22.738], [88.362, 22.728], [88.365, 22.715], [88.366, 22.685], [88.357, 22.663], [88.355, 22.651], [88.363, 22.634], [88.383, 22.632], [88.391, 22.63], [88.393, 22.629], [88.395, 22.623], [88.396, 22.602], [88.395, 22.595], [88.41, 22.56], [88.408, 22.558], [88.402, 22.559], [88.408, 22.544], [88.411, 22.542], [88.411, 22.54], [88.431, 22.51], [88.436, 22.506], [88.44, 22.505], [88.446, 22.501], [88.449, 22.503], [88.452, 22.512], [88.457, 22.543], [88.461, 22.549], [88.459, 22.555], [88.463, 22.564], [88.466, 22.563], [88.469, 22.566], [88.471, 22.566], [88.471, 22.559], [88.477, 22.558], [88.479, 22.556], [88.478, 22.553], [88.486, 22.549], [88.486, 22.547], [88.493, 22.547], [88.495, 22.546], [88.503, 22.548], [88.504, 22.545], [88.503, 22.542], [88.506, 22.543], [88.508, 22.54], [88.512, 22.538], [88.52, 22.537], [88.518, 22.547], [88.521, 22.547], [88.52, 22.55], [88.525, 22.552], [88.531, 22.552], [88.537, 22.555], [88.543, 22.553], [88.541, 22.564], [88.543, 22.564], [88.544, 22.563], [88.546, 22.567], [88.55, 22.569], [88.548, 22.574], [88.55, 22.58], [88.558, 22.58], [88.555, 22.584], [88.552, 22.583], [88.55, 22.587], [88.551, 22.593], [88.547, 22.597], [88.548, 22.598], [88.55, 22.598], [88.549, 22.601], [88.552, 22.602], [88.554, 22.602], [88.553, 22.599], [88.556, 22.6], [88.556, 22.605], [88.559, 22.614], [88.564, 22.613], [88.564, 22.616], [88.566, 22.618], [88.578, 22.613], [88.582, 22.607], [88.586, 22.605], [88.595, 22.606], [88.6, 22.605], [88.601, 22.601], [88.598, 22.589], [88.606, 22.588], [88.607, 22.584], [88.617, 22.583], [88.62, 22.573], [88.626, 22.573], [88.628, 22.574], [88.63, 22.573], [88.63, 22.571], [88.633, 22.567], [88.629, 22.554], [88.631, 22.553], [88.631, 22.549], [88.635, 22.549], [88.634, 22.539], [88.639, 22.538], [88.639, 22.535], [88.644, 22.533], [88.652, 22.518], [88.654, 22.517], [88.658, 22.518], [88.66, 22.517], [88.657, 22.508], [88.664, 22.505], [88.662, 22.501], [88.663, 22.493], [88.657, 22.491], [88.655, 22.484], [88.668, 22.483], [88.672, 22.481], [88.682, 22.473], [88.684, 22.469], [88.692, 22.463], [88.694, 22.456], [88.701, 22.451], [88.71, 22.45], [88.711, 22.448], [88.715, 22.446], [88.716, 22.439], [88.711, 22.433], [88.712, 22.423], [88.724, 22.416], [88.731, 22.415], [88.739, 22.411], [88.742, 22.408], [88.742, 22.397], [88.75, 22.39], [88.757, 22.387], [88.76, 22.389], [88.762, 22.388], [88.762, 22.385], [88.757, 22.382], [88.758, 22.38], [88.764, 22.381], [88.769, 22.386], [88.774, 22.384], [88.776, 22.38], [88.772, 22.377], [88.771, 22.374], [88.771, 22.373], [88.775, 22.37], [88.778, 22.372], [88.781, 22.378], [88.783, 22.377], [88.783, 22.374], [88.778, 22.368], [88.779, 22.364], [88.782, 22.361], [88.786, 22.361], [88.791, 22.358], [88.799, 22.361], [88.805, 22.361], [88.809, 22.365], [88.812, 22.366], [88.83, 22.365], [88.831, 22.362], [88.83, 22.36], [88.832, 22.355], [88.828, 22.353], [88.818, 22.326], [88.815, 22.321], [88.823, 22.311], [88.815, 22.289], [88.817, 22.277], [88.826, 22.277], [88.828, 22.275], [88.828, 22.256], [88.842, 22.258], [88.849, 22.266], [88.856, 22.269], [88.863, 22.28], [88.87, 22.273], [88.876, 22.271], [88.878, 22.265], [88.885, 22.268], [88.89, 22.269], [88.894, 22.263], [88.899, 22.262], [88.903, 22.252], [88.907, 22.251], [88.907, 22.246], [88.916, 22.247], [88.917, 22.26], [88.92, 22.265], [88.923, 22.267], [88.931, 22.257], [88.937, 22.261], [88.942, 22.261], [88.942, 22.254], [88.945, 22.251], [88.95, 22.248], [88.958, 22.246], [88.962, 22.243], [88.967, 22.231], [88.971, 22.214], [88.98, 22.202], [88.991, 22.201], [89.013, 22.204], [89.02, 22.202], [89.023, 22.208], [89.022, 22.214], [89.024, 22.217], [89.028, 22.218], [89.036, 22.217], [89.039, 22.214], [89.04, 22.209], [89.048, 22.211], [89.051, 22.206], [89.057, 22.207], [89.058, 22.202], [89.065, 22.198], [89.063, 22.195], [89.058, 22.196], [89.059, 22.188], [89.07, 22.182], [89.071, 22.194], [89.069, 22.201], [89.044, 22.223], [89.038, 22.233], [89.035, 22.258], [89.032, 22.26], [89.029, 22.259], [89.017, 22.254], [89.015, 22.255], [89.014, 22.257], [89.02, 22.269], [89.018, 22.271], [89.007, 22.276], [88.997, 22.284], [88.995, 22.287], [88.995, 22.294], [89.0, 22.297], [89.009, 22.298], [89.02, 22.294], [89.024, 22.294], [89.025, 22.297], [89.011, 22.315], [89.001, 22.323], [88.999, 22.324], [88.988, 22.323], [88.985, 22.328], [88.989, 22.348], [88.986, 22.357], [88.99, 22.363], [88.988, 22.367], [88.984, 22.373], [88.984, 22.377], [88.993, 22.389], [88.99, 22.393], [88.973, 22.407], [88.973, 22.409], [88.975, 22.413], [88.983, 22.416], [88.988, 22.423], [89.0, 22.43], [88.999, 22.434], [88.99, 22.445], [88.995, 22.455], [88.996, 22.47], [88.994, 22.475], [88.981, 22.483], [88.975, 22.496], [88.973, 22.51], [88.962, 22.549], [88.958, 22.552], [88.94, 22.558], [88.938, 22.561], [88.941, 22.574], [88.939, 22.585], [88.941, 22.595], [88.952, 22.603], [88.958, 22.61], [88.96, 22.617], [88.959, 22.62], [88.955, 22.621], [88.939, 22.617], [88.935, 22.617], [88.933, 22.623], [88.932, 22.641], [88.927, 22.647], [88.925, 22.657], [88.933, 22.659], [88.938, 22.662], [88.942, 22.667], [88.946, 22.68], [88.953, 22.687], [88.958, 22.687], [88.96, 22.694], [88.953, 22.704], [88.947, 22.704], [88.941, 22.709], [88.927, 22.717], [88.924, 22.722], [88.924, 22.726], [88.918, 22.729], [88.918, 22.733], [88.916, 22.736], [88.918, 22.747], [88.921, 22.75], [88.921, 22.753], [88.917, 22.755], [88.915, 22.754], [88.913, 22.754], [88.911, 22.758], [88.914, 22.76], [88.918, 22.77], [88.926, 22.77], [88.927, 22.774], [88.925, 22.775], [88.923, 22.781], [88.926, 22.782], [88.928, 22.784], [88.933, 22.785], [88.934, 22.792], [88.936, 22.794], [88.943, 22.793], [88.948, 22.8], [88.957, 22.799], [88.957, 22.804], [88.955, 22.805], [88.956, 22.807], [88.954, 22.808], [88.954, 22.812], [88.959, 22.814], [88.963, 22.818], [88.964, 22.829], [88.969, 22.845], [88.961, 22.855], [88.957, 22.858], [88.956, 22.861], [88.952, 22.862], [88.948, 22.875], [88.944, 22.877], [88.941, 22.873], [88.928, 22.871], [88.925, 22.873], [88.922, 22.877], [88.917, 22.875], [88.914, 22.877], [88.91, 22.878], [88.906, 22.884], [88.904, 22.885], [88.903, 22.893], [88.897, 22.897], [88.901, 22.902], [88.901, 22.907], [88.895, 22.913], [88.896, 22.915], [88.905, 22.914], [88.909, 22.92], [88.905, 22.923], [88.89, 22.927], [88.887, 22.934], [88.893, 22.938], [88.892, 22.945], [88.894, 22.952], [88.879, 22.954], [88.878, 22.949], [88.875, 22.948], [88.869, 22.951], [88.862, 22.945], [88.861, 22.942], [88.859, 22.942], [88.855, 22.956], [88.855, 22.964], [88.858, 22.972], [88.867, 22.975], [88.871, 22.979], [88.867, 22.981], [88.865, 22.986], [88.863, 22.993], [88.865, 23.001], [88.86, 23.003], [88.851, 23.002], [88.845, 23.009], [88.846, 23.012], [88.855, 23.007], [88.869, 23.006], [88.877, 23.003], [88.88, 23.007], [88.879, 23.01], [88.874, 23.01], [88.875, 23.014], [88.872, 23.017], [88.872, 23.019], [88.875, 23.023], [88.877, 23.023], [88.878, 23.027], [88.876, 23.036], [88.877, 23.041], [88.874, 23.043], [88.873, 23.046], [88.872, 23.064], [88.867, 23.067], [88.864, 23.073], [88.859, 23.078], [88.864, 23.083], [88.864, 23.087], [88.869, 23.088], [88.872, 23.092], [88.87, 23.095], [88.868, 23.097], [88.867, 23.102], [88.869, 23.102], [88.876, 23.106], [88.882, 23.107], [88.881, 23.109], [88.883, 23.111], [88.886, 23.11], [88.887, 23.111], [88.891, 23.11], [88.894, 23.112], [88.9, 23.116], [88.903, 23.121], [88.903, 23.126], [88.908, 23.128], [88.918, 23.139], [88.922, 23.147], [88.927, 23.145], [88.93, 23.147], [88.93, 23.155], [88.926, 23.162], [88.927, 23.165], [88.931, 23.165], [88.932, 23.17], [88.937, 23.177], [88.936, 23.18], [88.944, 23.183], [88.955, 23.183], [88.957, 23.191], [88.961, 23.194], [88.967, 23.195], [88.977, 23.194], [88.987, 23.206], [88.985, 23.209], [88.98, 23.21], [88.98, 23.214], [88.973, 23.223], [88.971, 23.22], [88.972, 23.22], [88.972, 23.218], [88.97, 23.219], [88.966, 23.216], [88.965, 23.214], [88.958, 23.212], [88.947, 23.204], [88.942, 23.204], [88.928, 23.211], [88.927, 23.215], [88.922, 23.215], [88.918, 23.211], [88.914, 23.212], [88.913, 23.215], [88.915, 23.223], [88.913, 23.223], [88.913, 23.229], [88.909, 23.233], [88.904, 23.233], [88.9, 23.231], [88.897, 23.232], [88.896, 23.23], [88.89, 23.23], [88.886, 23.225], [88.883, 23.225], [88.882, 23.229], [88.872, 23.232], [88.86, 23.231], [88.856, 23.233], [88.852, 23.229], [88.844, 23.229], [88.837, 23.241], [88.831, 23.236], [88.83, 23.237], [88.824, 23.234], [88.823, 23.237], [88.829, 23.245], [88.815, 23.249], [88.812, 23.248], [88.81, 23.246], [88.807, 23.238], [88.811, 23.229], [88.81, 23.226], [88.813, 23.222], [88.807, 23.218], [88.798, 23.217], [88.796, 23.218], [88.79, 23.217], [88.787, 23.22], [88.778, 23.22], [88.772, 23.226], [88.773, 23.237], [88.769, 23.243], [88.763, 23.244], [88.76, 23.241], [88.753, 23.238], [88.752, 23.24], [88.752, 23.238], [88.748, 23.235], [88.738, 23.235], [88.734, 23.241], [88.725, 23.241], [88.723, 23.24], [88.721, 23.236], [88.716, 23.238], [88.712, 23.236], [88.71, 23.225], [88.707, 23.219], [88.707, 23.216], [88.716, 23.215], [88.717, 23.213], [88.719, 23.189], [88.72, 23.187], [88.722, 23.185], [88.722, 23.183], [88.717, 23.182], [88.716, 23.177], [88.721, 23.178], [88.72, 23.173], [88.715, 23.173], [88.712, 23.171], [88.715, 23.166], [88.713, 23.165], [88.709, 23.168], [88.707, 23.166], [88.701, 23.167], [88.699, 23.164], [88.701, 23.158], [88.697, 23.155], [88.706, 23.136], [88.702, 23.131], [88.702, 23.128], [88.698, 23.125], [88.696, 23.118], [88.697, 23.112], [88.683, 23.109], [88.686, 23.105], [88.683, 23.099], [88.679, 23.097], [88.678, 23.095], [88.685, 23.078], [88.685, 23.073], [88.69, 23.067], [88.697, 23.068], [88.698, 23.065], [88.689, 23.056], [88.684, 23.054], [88.687, 23.051], [88.686, 23.049], [88.683, 23.049], [88.688, 23.026], [88.686, 23.022], [88.683, 23.02], [88.682, 23.016], [88.676, 23.015], [88.676, 23.007], [88.68, 23.005], [88.679, 22.999], [88.669, 22.993], [88.664, 22.983], [88.664, 22.952], [88.68, 22.945], [88.676, 22.94], [88.669, 22.942], [88.658, 22.937], [88.663, 22.929], [88.657, 22.922], [88.66, 22.907], [88.667, 22.901], [88.671, 22.889], [88.659, 22.874], [88.657, 22.881], [88.653, 22.885], [88.645, 22.883], [88.644, 22.881], [88.624, 22.881], [88.621, 22.885], [88.62, 22.896], [88.613, 22.905], [88.606, 22.905], [88.603, 22.909], [88.591, 22.911], [88.586, 22.909], [88.581, 22.912], [88.57, 22.914], [88.567, 22.921], [88.565, 22.918], [88.561, 22.921], [88.555, 22.92], [88.547, 22.926], [88.53, 22.931], [88.519, 22.931], [88.515, 22.934], [88.515, 22.941], [88.51, 22.943], [88.497, 22.937], [88.477, 22.935], [88.463, 22.952], [88.44, 22.957], [88.43, 22.962], [88.421, 22.959], [88.42, 22.954], [88.417, 22.953], [88.416, 22.945], [88.411, 22.946]]]}}, {"type": "Feature", "properties": {"regionId": "tamilnadu", "districtName": "Chennai"}, "geometry": {"type": "Polygon", "coordinates": [[[80.19, 13.026], [80.198, 13.029], [80.202, 13.03], [80.208, 13.029], [80.212, 13.027], [80.201, 13.022], [80.201, 13.017], [80.215, 13.006], [80.211, 13.001], [80.205, 12.985], [80.206, 12.979], [80.214, 12.975], [80.217, 12.969], [80.224, 12.967], [80.228, 12.969], [80.233, 12.973], [80.238, 12.974], [80.249, 12.985], [80.254, 12.976], [80.257, 12.974], [80.267, 12.973], [80.277, 13.012], [80.281, 13.038], [80.286, 13.058], [80.292, 13.073], [80.302, 13.086], [80.306, 13.096], [80.306, 13.101], [80.31, 13.107], [80.307, 13.102], [80.305, 13.101], [80.304, 13.102], [80.304, 13.099], [80.298, 13.101], [80.301, 13.113], [80.304, 13.111], [80.303, 13.105], [80.305, 13.111], [80.302, 13.114], [80.301, 13.121], [80.298, 13.122], [80.298, 13.127], [80.304, 13.142], [80.289, 13.144], [80.281, 13.143], [80.276, 13.14], [80.263, 13.141], [80.26, 13.143], [80.259, 13.149], [80.254, 13.149], [80.247, 13.143], [80.243, 13.142], [80.244, 13.128], [80.225, 13.127], [80.225, 13.13], [80.203, 13.127], [80.203, 13.119], [80.194, 13.105], [80.196, 13.099], [80.195, 13.091], [80.197, 13.089], [80.187, 13.076], [80.188, 13.067], [80.183, 13.049], [80.187, 13.04], [80.187, 13.034], [80.19, 13.026]]]}}, {"type": "Feature", "properties": {"regionId": "tamilnadu", "districtName": "Thiruvallur"}, "geometry": {"type": "Polygon", "coordinates": [[[80.042, 13.538], [80.03, 13.539], [80.02, 13.546], [80.007, 13.544], [80.002, 13.541], [80.003, 13.524], [80.019, 13.529], [80.021, 13.522], [80.026, 13.518], [80.032, 13.516], [80.038, 13.518], [80.046, 13.516], [80.05, 13.513], [80.049, 13.499], [80.038, 13.501], [80.019, 13.502], [80.017, 13.492], [80.008, 13.474], [80.004, 13.473], [80.003, 13.476], [80.0, 13.476], [79.981, 13.47], [79.975, 13.465], [79.976, 13.455], [79.974, 13.442], [79.976, 13.432], [79.971, 13.427], [79.964, 13.422], [79.957, 13.425], [79.95, 13.424], [79.945, 13.418], [79.949, 13.399], [79.963, 13.396], [79.967, 13.388], [79.961, 13.381], [79.953, 13.383], [79.953, 13.372], [79.942, 13.358], [79.939, 13.35], [79.924, 13.358], [79.919, 13.353], [79.917, 13.347], [79.904, 13.338], [79.903, 13.339], [79.897, 13.34], [79.893, 13.344], [79.889, 13.341], [79.887, 13.341], [79.887, 13.34], [79.889, 13.339], [79.881, 13.335], [79.882, 13.33], [79.878, 13.325], [79.872, 13.328], [79.864, 13.318], [79.844, 13.316], [79.821, 13.319], [79.813, 13.318], [79.808, 13.312], [79.805, 13.306], [79.8, 13.299], [79.793, 13.296], [79.781, 13.303], [79.767, 13.317], [79.763, 13.313], [79.763, 13.305], [79.759, 13.294], [79.754, 13.29], [79.743, 13.289], [79.734, 13.286], [79.735, 13.28], [79.752, 13.268], [79.759, 13.262], [79.766, 13.258], [79.788, 13.248], [79.796, 13.242], [79.798, 13.237], [79.796, 13.232], [79.787, 13.231], [79.78, 13.227], [79.776, 13.223], [79.771, 13.22], [79.765, 13.219], [79.757, 13.209], [79.751, 13.212], [79.75, 13.223], [79.747, 13.224], [79.746, 13.229], [79.74, 13.231], [79.736, 13.236], [79.732, 13.236], [79.729, 13.228], [79.724, 13.224], [79.719, 13.223], [79.713, 13.216], [79.702, 13.224], [79.709, 13.238], [79.709, 13.248], [79.705, 13.252], [79.698, 13.248], [79.694, 13.242], [79.686, 13.243], [79.684, 13.25], [79.687, 13.261], [79.697, 13.27], [79.692, 13.283], [79.681, 13.296], [79.679, 13.287], [79.675, 13.282], [79.67, 13.282], [79.666, 13.288], [79.657, 13.287], [79.651, 13.29], [79.645, 13.287], [79.642, 13.274], [79.637, 13.276], [79.634, 13.273], [79.628, 13.274], [79.624, 13.278], [79.618, 13.281], [79.614, 13.281], [79.602, 13.274], [79.598, 13.261], [79.593, 13.259], [79.578, 13.263], [79.568, 13.273], [79.561, 13.281], [79.559, 13.287], [79.555, 13.292], [79.552, 13.303], [79.552, 13.314], [79.548, 13.324], [79.535, 13.329], [79.51, 13.328], [79.5, 13.33], [79.492, 13.335], [79.467, 13.337], [79.449, 13.337], [79.446, 13.338], [79.441, 13.338], [79.435, 13.342], [79.434, 13.34], [79.437, 13.336], [79.43, 13.335], [79.414, 13.329], [79.387, 13.316], [79.398, 13.308], [79.418, 13.298], [79.434, 13.3], [79.438, 13.294], [79.431, 13.288], [79.432, 13.279], [79.425, 13.271], [79.421, 13.26], [79.42, 13.251], [79.422, 13.241], [79.421, 13.233], [79.424, 13.225], [79.43, 13.225], [79.431, 13.232], [79.44, 13.236], [79.449, 13.243], [79.455, 13.242], [79.458, 13.235], [79.458, 13.23], [79.434, 13.222], [79.436, 13.212], [79.434, 13.206], [79.437, 13.201], [79.433, 13.198], [79.411, 13.2], [79.405, 13.198], [79.397, 13.198], [79.391, 13.196], [79.382, 13.189], [79.383, 13.182], [79.38, 13.179], [79.374, 13.169], [79.367, 13.174], [79.36, 13.176], [79.359, 13.148], [79.367, 13.143], [79.363, 13.139], [79.357, 13.137], [79.351, 13.136], [79.348, 13.141], [79.343, 13.134], [79.329, 13.132], [79.325, 13.127], [79.322, 13.12], [79.323, 13.113], [79.321, 13.11], [79.31, 13.11], [79.311, 13.128], [79.301, 13.131], [79.298, 13.136], [79.29, 13.133], [79.287, 13.134], [79.286, 13.121], [79.302, 13.091], [79.307, 13.085], [79.323, 13.08], [79.332, 13.074], [79.338, 13.065], [79.348, 13.062], [79.383, 13.08], [79.394, 13.082], [79.417, 13.084], [79.422, 13.099], [79.419, 13.104], [79.41, 13.103], [79.403, 13.107], [79.413, 13.121], [79.413, 13.137], [79.419, 13.15], [79.425, 13.146], [79.437, 13.126], [79.444, 13.125], [79.452, 13.127], [79.454, 13.122], [79.432, 13.119], [79.433, 13.114], [79.443, 13.11], [79.454, 13.093], [79.463, 13.098], [79.464, 13.106], [79.467, 13.109], [79.474, 13.108], [79.476, 13.114], [79.474, 13.127], [79.48, 13.128], [79.482, 13.132], [79.483, 13.139], [79.505, 13.138], [79.517, 13.144], [79.529, 13.137], [79.551, 13.135], [79.556, 13.138], [79.57, 13.135], [79.57, 13.129], [79.572, 13.123], [79.596, 13.123], [79.599, 13.13], [79.592, 13.143], [79.594, 13.146], [79.619, 13.144], [79.63, 13.145], [79.636, 13.149], [79.632, 13.162], [79.633, 13.17], [79.646, 13.179], [79.648, 13.198], [79.655, 13.209], [79.671, 13.202], [79.67, 13.188], [79.671, 13.183], [79.693, 13.191], [79.701, 13.189], [79.698, 13.181], [79.692, 13.176], [79.693, 13.166], [79.696, 13.16], [79.701, 13.157], [79.704, 13.161], [79.736, 13.166], [79.74, 13.152], [79.74, 13.138], [79.735, 13.117], [79.727, 13.116], [79.723, 13.108], [79.717, 13.106], [79.709, 13.109], [79.704, 13.108], [79.702, 13.101], [79.713, 13.099], [79.727, 13.098], [79.733, 13.096], [79.741, 13.075], [79.739, 13.071], [79.735, 13.068], [79.727, 13.068], [79.725, 13.062], [79.72, 13.058], [79.721, 13.055], [79.727, 13.054], [79.735, 13.06], [79.749, 13.051], [79.762, 13.053], [79.772, 13.06], [79.777, 13.059], [79.779, 13.056], [79.787, 13.054], [79.79, 13.048], [79.786, 13.041], [79.786, 13.023], [79.8, 13.028], [79.803, 13.016], [79.81, 13.018], [79.821, 13.001], [79.821, 12.995], [79.816, 12.991], [79.818, 12.988], [79.824, 12.989], [79.822, 12.986], [79.824, 12.968], [79.825, 12.964], [79.838, 12.965], [79.837, 12.96], [79.852, 12.956], [79.854, 12.951], [79.896, 12.948], [79.9, 12.958], [79.904, 12.962], [79.91, 12.964], [79.913, 12.969], [79.913, 12.974], [79.917, 12.978], [79.902, 12.989], [79.895, 12.992], [79.898, 12.996], [79.903, 12.996], [79.913, 13.004], [79.916, 13.0], [79.93, 12.992], [79.941, 12.996], [79.945, 13.004], [79.944, 13.008], [79.925, 13.016], [79.923, 13.02], [79.916, 13.017], [79.912, 13.018], [79.906, 13.016], [79.904, 13.031], [79.898, 13.036], [79.904, 13.052], [79.915, 13.049], [79.922, 13.049], [79.922, 13.038], [79.926, 13.036], [79.947, 13.034], [79.963, 13.041], [79.972, 13.039], [79.973, 13.041], [79.972, 13.048], [79.977, 13.054], [79.99, 13.058], [79.993, 13.053], [79.983, 13.049], [79.979, 13.04], [79.979, 13.038], [79.985, 13.034], [79.992, 13.033], [79.998, 13.045], [80.008, 13.052], [80.01, 13.058], [80.015, 13.056], [80.017, 13.053], [80.026, 13.053], [80.029, 13.051], [80.034, 13.052], [80.036, 13.049], [80.034, 13.047], [80.035, 13.045], [80.047, 13.044], [80.052, 13.046], [80.057, 13.046], [80.051, 13.041], [80.051, 13.038], [80.056, 13.032], [80.066, 13.035], [80.071, 13.043], [80.079, 13.043], [80.08, 13.042], [80.081, 13.03], [80.084, 13.022], [80.088, 13.025], [80.089, 13.033], [80.089, 13.034], [80.09, 13.036], [80.092, 13.036], [80.098, 13.039], [80.1, 13.04], [80.1, 13.046], [80.103, 13.045], [80.105, 13.043], [80.112, 13.046], [80.119, 13.046], [80.119, 13.049], [80.124, 13.047], [80.124, 13.05], [80.131, 13.053], [80.131, 13.056], [80.136, 13.053], [80.137, 13.048], [80.142, 13.047], [80.143, 13.048], [80.149, 13.042], [80.151, 13.038], [80.147, 13.038], [80.149, 13.031], [80.162, 13.032], [80.163, 13.029], [80.167, 13.028], [80.168, 13.032], [80.185, 13.027], [80.186, 13.026], [80.19, 13.026], [80.187, 13.034], [80.187, 13.04], [80.183, 13.049], [80.188, 13.067], [80.187, 13.076], [80.197, 13.089], [80.195, 13.091], [80.196, 13.099], [80.194, 13.105], [80.203, 13.119], [80.203, 13.127], [80.225, 13.13], [80.225, 13.127], [80.244, 13.128], [80.243, 13.142], [80.247, 13.143], [80.254, 13.149], [80.259, 13.149], [80.26, 13.143], [80.263, 13.141], [80.276, 13.14], [80.281, 13.143], [80.289, 13.144], [80.304, 13.142], [80.308, 13.153], [80.319, 13.191], [80.323, 13.198], [80.343, 13.256], [80.339, 13.259], [80.339, 13.264], [80.346, 13.288], [80.347, 13.314], [80.341, 13.352], [80.333, 13.39], [80.328, 13.438], [80.323, 13.456], [80.299, 13.477], [80.287, 13.515], [80.268, 13.563], [80.265, 13.561], [80.254, 13.507], [80.242, 13.469], [80.226, 13.485], [80.216, 13.488], [80.216, 13.489], [80.212, 13.488], [80.21, 13.486], [80.202, 13.489], [80.178, 13.488], [80.176, 13.49], [80.169, 13.493], [80.148, 13.495], [80.147, 13.505], [80.127, 13.508], [80.114, 13.509], [80.113, 13.498], [80.111, 13.493], [80.104, 13.491], [80.081, 13.492], [80.079, 13.51], [80.08, 13.527], [80.083, 13.533], [80.09, 13.538], [80.086, 13.548], [80.082, 13.552], [80.078, 13.549], [80.064, 13.545], [80.058, 13.536], [80.047, 13.536], [80.042, 13.538]]]}}, {"type": "Feature", "properties": {"regionId": "tamilnadu", "districtName": "Kancheepuram"}, "geometry": {"type": "Polygon", "coordinates": [[[79.645, 12.346], [79.65, 12.344], [79.652, 12.335], [79.655, 12.334], [79.66, 12.327], [79.67, 12.321], [79.686, 12.317], [79.691, 12.325], [79.702, 12.327], [79.703, 12.336], [79.718, 12.337], [79.728, 12.331], [79.732, 12.332], [79.738, 12.331], [79.753, 12.326], [79.772, 12.334], [79.784, 12.341], [79.788, 12.338], [79.8, 12.337], [79.804, 12.328], [79.81, 12.328], [79.812, 12.323], [79.83, 12.309], [79.831, 12.305], [79.843, 12.29], [79.843, 12.28], [79.849, 12.276], [79.863, 12.262], [79.864, 12.264], [79.869, 12.26], [79.875, 12.249], [79.882, 12.241], [79.9, 12.23], [79.905, 12.23], [79.917, 12.235], [79.926, 12.231], [79.927, 12.247], [79.945, 12.243], [79.956, 12.232], [79.973, 12.238], [79.974, 12.236], [79.979, 12.239], [79.993, 12.254], [80.0, 12.259], [80.009, 12.256], [80.03, 12.295], [80.069, 12.349], [80.116, 12.404], [80.155, 12.462], [80.158, 12.473], [80.162, 12.508], [80.167, 12.529], [80.185, 12.575], [80.191, 12.596], [80.2, 12.616], [80.199, 12.623], [80.202, 12.633], [80.244, 12.746], [80.255, 12.782], [80.255, 12.79], [80.251, 12.794], [80.249, 12.808], [80.249, 12.85], [80.259, 12.934], [80.267, 12.973], [80.257, 12.974], [80.254, 12.976], [80.249, 12.985], [80.238, 12.974], [80.233, 12.973], [80.228, 12.969], [80.224, 12.967], [80.217, 12.969], [80.214, 12.975], [80.206, 12.979], [80.205, 12.985], [80.211, 13.001], [80.215, 13.006], [80.201, 13.017], [80.201, 13.022], [80.212, 13.027], [80.208, 13.029], [80.202, 13.03], [80.198, 13.029], [80.192, 13.022], [80.191, 13.018], [80.188, 13.018], [80.186, 13.016], [80.184, 13.008], [80.185, 13.004], [80.18, 12.999], [80.173, 13.001], [80.171, 13.004], [80.168, 13.004], [80.165, 12.998], [80.157, 12.993], [80.15, 12.992], [80.144, 12.997], [80.141, 12.995], [80.137, 12.989], [80.13, 12.989], [80.125, 12.983], [80.122, 12.983], [80.117, 12.967], [80.11, 12.963], [80.105, 12.953], [80.101, 12.943], [80.095, 12.945], [80.087, 12.93], [80.087, 12.923], [80.072, 12.912], [80.069, 12.906], [80.063, 12.897], [80.059, 12.885], [80.055, 12.879], [80.062, 12.866], [80.064, 12.86], [80.063, 12.858], [80.06, 12.857], [80.058, 12.855], [80.052, 12.833], [80.046, 12.835], [80.041, 12.835], [80.04, 12.829], [80.036, 12.829], [80.03, 12.821], [80.03, 12.818], [80.021, 12.816], [80.015, 12.812], [80.012, 12.812], [80.009, 12.81], [80.006, 12.804], [80.005, 12.808], [79.996, 12.807], [79.991, 12.805], [79.98, 12.81], [79.971, 12.809], [79.965, 12.81], [79.96, 12.819], [79.956, 12.821], [79.955, 12.814], [79.957, 12.811], [79.956, 12.806], [79.962, 12.804], [79.959, 12.798], [79.959, 12.794], [79.955, 12.79], [79.953, 12.785], [79.94, 12.787], [79.938, 12.786], [79.938, 12.782], [79.936, 12.78], [79.933, 12.78], [79.929, 12.783], [79.928, 12.789], [79.925, 12.794], [79.921, 12.792], [79.916, 12.795], [79.905, 12.797], [79.906, 12.793], [79.903, 12.787], [79.902, 12.784], [79.898, 12.782], [79.896, 12.779], [79.873, 12.776], [79.872, 12.774], [79.872, 12.772], [79.882, 12.771], [79.882, 12.77], [79.885, 12.767], [79.877, 12.76], [79.895, 12.75], [79.906, 12.746], [79.915, 12.746], [79.922, 12.74], [79.932, 12.728], [79.931, 12.727], [79.939, 12.72], [79.939, 12.716], [79.949, 12.702], [79.95, 12.695], [79.945, 12.699], [79.933, 12.698], [79.931, 12.697], [79.931, 12.692], [79.917, 12.692], [79.918, 12.679], [79.922, 12.676], [79.922, 12.675], [79.922, 12.666], [79.927, 12.638], [79.925, 12.638], [79.929, 12.635], [79.929, 12.632], [79.926, 12.629], [79.924, 12.628], [79.918, 12.63], [79.915, 12.634], [79.911, 12.635], [79.899, 12.637], [79.897, 12.631], [79.894, 12.631], [79.894, 12.629], [79.891, 12.629], [79.89, 12.628], [79.886, 12.627], [79.875, 12.627], [79.87, 12.622], [79.848, 12.627], [79.846, 12.626], [79.845, 12.622], [79.841, 12.619], [79.834, 12.62], [79.826, 12.616], [79.816, 12.622], [79.807, 12.624], [79.81, 12.615], [79.814, 12.612], [79.814, 12.607], [79.817, 12.603], [79.817, 12.595], [79.816, 12.591], [79.814, 12.591], [79.815, 12.584], [79.817, 12.581], [79.819, 12.581], [79.821, 12.576], [79.824, 12.562], [79.822, 12.56], [79.813, 12.559], [79.798, 12.564], [79.795, 12.557], [79.794, 12.557], [79.783, 12.558], [79.782, 12.553], [79.778, 12.553], [79.778, 12.548], [79.766, 12.547], [79.765, 12.553], [79.759, 12.558], [79.756, 12.558], [79.754, 12.546], [79.756, 12.54], [79.752, 12.535], [79.75, 12.533], [79.748, 12.534], [79.748, 12.533], [79.747, 12.531], [79.749, 12.529], [79.75, 12.528], [79.75, 12.526], [79.757, 12.519], [79.757, 12.513], [79.753, 12.509], [79.753, 12.505], [79.744, 12.503], [79.74, 12.5], [79.739, 12.496], [79.728, 12.502], [79.726, 12.499], [79.725, 12.496], [79.728, 12.493], [79.734, 12.494], [79.74, 12.488], [79.747, 12.484], [79.747, 12.466], [79.75, 12.463], [79.75, 12.456], [79.746, 12.457], [79.74, 12.434], [79.736, 12.429], [79.718, 12.437], [79.716, 12.429], [79.709, 12.432], [79.705, 12.431], [79.708, 12.419], [79.706, 12.414], [79.691, 12.419], [79.69, 12.415], [79.693, 12.412], [79.699, 12.41], [79.697, 12.399], [79.688, 12.4], [79.664, 12.384], [79.662, 12.379], [79.668, 12.372], [79.664, 12.366], [79.653, 12.361], [79.647, 12.361], [79.645, 12.356], [79.645, 12.346]]]}}, {"type": "Feature", "properties": {"regionId": "tamilnadu", "districtName": "Chengalputtu"}, "geometry": {"type": "Polygon", "coordinates": [[[79.747, 12.531], [79.748, 12.533], [79.748, 12.534], [79.75, 12.533], [79.752, 12.535], [79.756, 12.54], [79.754, 12.546], [79.756, 12.558], [79.759, 12.558], [79.765, 12.553], [79.766, 12.547], [79.778, 12.548], [79.778, 12.553], [79.782, 12.553], [79.783, 12.558], [79.794, 12.557], [79.795, 12.557], [79.798, 12.564], [79.813, 12.559], [79.822, 12.56], [79.824, 12.562], [79.821, 12.576], [79.819, 12.581], [79.817, 12.581], [79.815, 12.584], [79.814, 12.591], [79.816, 12.591], [79.817, 12.595], [79.817, 12.603], [79.814, 12.607], [79.814, 12.612], [79.81, 12.615], [79.807, 12.624], [79.816, 12.622], [79.826, 12.616], [79.834, 12.62], [79.841, 12.619], [79.845, 12.622], [79.846, 12.626], [79.848, 12.627], [79.87, 12.622], [79.875, 12.627], [79.886, 12.627], [79.89, 12.628], [79.891, 12.629], [79.894, 12.629], [79.894, 12.631], [79.897, 12.631], [79.899, 12.637], [79.911, 12.635], [79.915, 12.634], [79.918, 12.63], [79.924, 12.628], [79.926, 12.629], [79.929, 12.632], [79.929, 12.635], [79.925, 12.638], [79.927, 12.638], [79.922, 12.666], [79.922, 12.675], [79.922, 12.676], [79.918, 12.679], [79.917, 12.692], [79.931, 12.692], [79.931, 12.697], [79.933, 12.698], [79.945, 12.699], [79.95, 12.695], [79.949, 12.702], [79.939, 12.716], [79.939, 12.72], [79.931, 12.727], [79.932, 12.728], [79.922, 12.74], [79.915, 12.746], [79.906, 12.746], [79.895, 12.75], [79.877, 12.76], [79.885, 12.767], [79.882, 12.77], [79.882, 12.771], [79.872, 12.772], [79.872, 12.774], [79.873, 12.776], [79.896, 12.779], [79.898, 12.782], [79.902, 12.784], [79.903, 12.787], [79.906, 12.793], [79.905, 12.797], [79.916, 12.795], [79.921, 12.792], [79.925, 12.794], [79.928, 12.789], [79.929, 12.783], [79.933, 12.78], [79.936, 12.78], [79.938, 12.782], [79.938, 12.786], [79.94, 12.787], [79.953, 12.785], [79.955, 12.79], [79.959, 12.794], [79.959, 12.798], [79.962, 12.804], [79.956, 12.806], [79.957, 12.811], [79.955, 12.814], [79.956, 12.821], [79.96, 12.819], [79.965, 12.81], [79.971, 12.809], [79.98, 12.81], [79.991, 12.805], [79.996, 12.807], [80.005, 12.808], [80.006, 12.804], [80.009, 12.81], [80.012, 12.812], [80.015, 12.812], [80.021, 12.816], [80.03, 12.818], [80.03, 12.821], [80.036, 12.829], [80.04, 12.829], [80.041, 12.835], [80.046, 12.835], [80.052, 12.833], [80.058, 12.855], [80.06, 12.857], [80.063, 12.858], [80.064, 12.86], [80.062, 12.866], [80.055, 12.879], [80.059, 12.885], [80.063, 12.897], [80.069, 12.906], [80.072, 12.912], [80.087, 12.923], [80.087, 12.93], [80.095, 12.945], [80.101, 12.943], [80.105, 12.953], [80.11, 12.963], [80.117, 12.967], [80.122, 12.983], [80.125, 12.983], [80.13, 12.989], [80.137, 12.989], [80.141, 12.995], [80.144, 12.997], [80.15, 12.992], [80.157, 12.993], [80.165, 12.998], [80.168, 13.004], [80.171, 13.004], [80.173, 13.001], [80.18, 12.999], [80.185, 13.004], [80.184, 13.008], [80.186, 13.016], [80.188, 13.018], [80.191, 13.018], [80.192, 13.022], [80.198, 13.029], [80.19, 13.026], [80.186, 13.026], [80.185, 13.027], [80.168, 13.032], [80.167, 13.028], [80.163, 13.029], [80.162, 13.032], [80.149, 13.031], [80.147, 13.038], [80.151, 13.038], [80.149, 13.042], [80.143, 13.048], [80.142, 13.047], [80.137, 13.048], [80.136, 13.053], [80.131, 13.056], [80.131, 13.053], [80.124, 13.05], [80.124, 13.047], [80.119, 13.049], [80.119, 13.046], [80.112, 13.046], [80.105, 13.043], [80.103, 13.045], [80.1, 13.046], [80.1, 13.04], [80.098, 13.039], [80.092, 13.036], [80.09, 13.036], [80.089, 13.034], [80.089, 13.033], [80.088, 13.025], [80.084, 13.022], [80.081, 13.03], [80.08, 13.042], [80.079, 13.043], [80.071, 13.043], [80.066, 13.035], [80.056, 13.032], [80.051, 13.038], [80.051, 13.041], [80.057, 13.046], [80.052, 13.046], [80.047, 13.044], [80.035, 13.045], [80.034, 13.047], [80.036, 13.049], [80.034, 13.052], [80.029, 13.051], [80.026, 13.053], [80.017, 13.053], [80.015, 13.056], [80.01, 13.058], [80.008, 13.052], [79.998, 13.045], [79.992, 13.033], [79.985, 13.034], [79.979, 13.038], [79.979, 13.04], [79.983, 13.049], [79.993, 13.053], [79.99, 13.058], [79.977, 13.054], [79.972, 13.048], [79.973, 13.041], [79.972, 13.039], [79.963, 13.041], [79.947, 13.034], [79.926, 13.036], [79.922, 13.038], [79.922, 13.049], [79.915, 13.049], [79.904, 13.052], [79.898, 13.036], [79.904, 13.031], [79.906, 13.016], [79.912, 13.018], [79.916, 13.017], [79.923, 13.02], [79.925, 13.016], [79.944, 13.008], [79.945, 13.004], [79.941, 12.996], [79.93, 12.992], [79.916, 13.0], [79.913, 13.004], [79.903, 12.996], [79.898, 12.996], [79.895, 12.992], [79.902, 12.989], [79.917, 12.978], [79.913, 12.974], [79.913, 12.969], [79.91, 12.964], [79.904, 12.962], [79.9, 12.958], [79.896, 12.948], [79.854, 12.951], [79.852, 12.956], [79.837, 12.96], [79.838, 12.965], [79.825, 12.964], [79.824, 12.968], [79.822, 12.986], [79.824, 12.989], [79.818, 12.988], [79.816, 12.991], [79.821, 12.995], [79.821, 13.001], [79.81, 13.018], [79.803, 13.016], [79.8, 13.028], [79.786, 13.023], [79.77, 13.017], [79.761, 13.011], [79.735, 12.986], [79.728, 12.983], [79.727, 12.982], [79.707, 12.976], [79.691, 12.969], [79.683, 12.961], [79.681, 12.957], [79.661, 12.949], [79.662, 12.931], [79.64, 12.923], [79.622, 12.913], [79.614, 12.91], [79.612, 12.911], [79.593, 12.904], [79.573, 12.901], [79.567, 12.887], [79.561, 12.882], [79.56, 12.875], [79.568, 12.863], [79.568, 12.857], [79.561, 12.851], [79.583, 12.842], [79.588, 12.835], [79.597, 12.831], [79.613, 12.828], [79.64, 12.817], [79.644, 12.811], [79.645, 12.809], [79.645, 12.798], [79.642, 12.792], [79.638, 12.789], [79.64, 12.786], [79.65, 12.784], [79.65, 12.775], [79.657, 12.765], [79.662, 12.771], [79.66, 12.776], [79.673, 12.779], [79.67, 12.785], [79.681, 12.782], [79.689, 12.786], [79.695, 12.781], [79.703, 12.777], [79.707, 12.781], [79.712, 12.777], [79.71, 12.771], [79.712, 12.759], [79.729, 12.757], [79.743, 12.748], [79.747, 12.744], [79.745, 12.738], [79.742, 12.733], [79.716, 12.728], [79.718, 12.724], [79.726, 12.724], [79.735, 12.721], [79.739, 12.717], [79.74, 12.711], [79.739, 12.706], [79.736, 12.703], [79.738, 12.701], [79.746, 12.702], [79.747, 12.699], [79.746, 12.695], [79.739, 12.69], [79.685, 12.669], [79.672, 12.668], [79.659, 12.671], [79.649, 12.669], [79.637, 12.646], [79.634, 12.632], [79.639, 12.629], [79.639, 12.627], [79.645, 12.628], [79.647, 12.626], [79.647, 12.617], [79.647, 12.616], [79.646, 12.611], [79.651, 12.602], [79.654, 12.603], [79.659, 12.6], [79.663, 12.599], [79.665, 12.597], [79.671, 12.593], [79.682, 12.598], [79.687, 12.598], [79.692, 12.602], [79.698, 12.599], [79.701, 12.595], [79.707, 12.596], [79.722, 12.59], [79.724, 12.59], [79.724, 12.589], [79.729, 12.585], [79.729, 12.58], [79.725, 12.579], [79.719, 12.581], [79.717, 12.578], [79.714, 12.576], [79.714, 12.576], [79.708, 12.572], [79.71, 12.569], [79.722, 12.566], [79.721, 12.56], [79.718, 12.55], [79.736, 12.541], [79.747, 12.532], [79.747, 12.531]]]}}, {"type": "Feature", "properties": {"regionId": "tamilnadu", "districtName": "Viluppuram"}, "geometry": {"type": "Polygon", "coordinates": [[[79.841, 11.956], [79.846, 11.976], [79.862, 12.017], [79.861, 12.018], [79.835, 12.02], [79.835, 12.044], [79.846, 12.075], [79.854, 12.073], [79.873, 12.073], [79.886, 12.065], [80.009, 12.256], [80.0, 12.259], [79.993, 12.254], [79.979, 12.239], [79.974, 12.236], [79.973, 12.238], [79.956, 12.232], [79.945, 12.243], [79.927, 12.247], [79.926, 12.231], [79.917, 12.235], [79.905, 12.23], [79.9, 12.23], [79.882, 12.241], [79.875, 12.249], [79.869, 12.26], [79.864, 12.264], [79.863, 12.262], [79.849, 12.276], [79.843, 12.28], [79.843, 12.29], [79.831, 12.305], [79.83, 12.309], [79.812, 12.323], [79.81, 12.328], [79.804, 12.328], [79.8, 12.337], [79.788, 12.338], [79.784, 12.341], [79.772, 12.334], [79.753, 12.326], [79.738, 12.331], [79.732, 12.332], [79.728, 12.331], [79.718, 12.337], [79.703, 12.336], [79.702, 12.327], [79.691, 12.325], [79.686, 12.317], [79.67, 12.321], [79.66, 12.327], [79.655, 12.334], [79.652, 12.335], [79.65, 12.344], [79.645, 12.346], [79.639, 12.344], [79.621, 12.352], [79.624, 12.363], [79.624, 12.371], [79.616, 12.376], [79.608, 12.375], [79.604, 12.371], [79.599, 12.351], [79.592, 12.35], [79.582, 12.354], [79.577, 12.358], [79.573, 12.357], [79.567, 12.362], [79.558, 12.365], [79.55, 12.364], [79.539, 12.369], [79.533, 12.37], [79.526, 12.365], [79.522, 12.356], [79.517, 12.354], [79.514, 12.355], [79.511, 12.349], [79.502, 12.347], [79.492, 12.351], [79.491, 12.36], [79.495, 12.369], [79.493, 12.373], [79.49, 12.375], [79.487, 12.372], [79.476, 12.367], [79.468, 12.374], [79.45, 12.379], [79.451, 12.392], [79.45, 12.396], [79.445, 12.394], [79.443, 12.391], [79.44, 12.393], [79.443, 12.408], [79.436, 12.41], [79.434, 12.406], [79.43, 12.403], [79.422, 12.411], [79.417, 12.408], [79.411, 12.41], [79.412, 12.418], [79.403, 12.429], [79.403, 12.436], [79.388, 12.441], [79.369, 12.444], [79.364, 12.44], [79.356, 12.446], [79.348, 12.443], [79.327, 12.451], [79.324, 12.449], [79.318, 12.444], [79.308, 12.44], [79.277, 12.447], [79.248, 12.447], [79.246, 12.443], [79.238, 12.441], [79.236, 12.437], [79.227, 12.402], [79.237, 12.401], [79.241, 12.399], [79.249, 12.39], [79.249, 12.379], [79.242, 12.37], [79.238, 12.368], [79.23, 12.372], [79.227, 12.368], [79.228, 12.365], [79.234, 12.362], [79.233, 12.358], [79.241, 12.352], [79.24, 12.347], [79.235, 12.343], [79.229, 12.342], [79.227, 12.346], [79.223, 12.348], [79.216, 12.345], [79.201, 12.343], [79.201, 12.341], [79.214, 12.34], [79.221, 12.337], [79.223, 12.331], [79.232, 12.331], [79.235, 12.329], [79.236, 12.326], [79.234, 12.321], [79.235, 12.317], [79.247, 12.317], [79.252, 12.324], [79.26, 12.322], [79.265, 12.323], [79.271, 12.321], [79.287, 12.32], [79.29, 12.319], [79.291, 12.317], [79.288, 12.315], [79.289, 12.311], [79.286, 12.307], [79.282, 12.306], [79.277, 12.306], [79.276, 12.305], [79.281, 12.294], [79.28, 12.292], [79.279, 12.291], [79.273, 12.292], [79.267, 12.283], [79.259, 12.278], [79.258, 12.275], [79.252, 12.275], [79.248, 12.278], [79.245, 12.27], [79.238, 12.271], [79.235, 12.26], [79.234, 12.244], [79.235, 12.24], [79.239, 12.234], [79.237, 12.23], [79.228, 12.222], [79.228, 12.22], [79.238, 12.217], [79.238, 12.215], [79.236, 12.213], [79.219, 12.214], [79.218, 12.211], [79.219, 12.209], [79.228, 12.204], [79.235, 12.198], [79.234, 12.19], [79.236, 12.184], [79.224, 12.184], [79.223, 12.191], [79.22, 12.197], [79.218, 12.198], [79.213, 12.192], [79.213, 12.188], [79.216, 12.184], [79.213, 12.17], [79.215, 12.167], [79.238, 12.155], [79.239, 12.15], [79.248, 12.148], [79.25, 12.141], [79.255, 12.14], [79.256, 12.136], [79.26, 12.135], [79.26, 12.131], [79.271, 12.129], [79.272, 12.113], [79.275, 12.111], [79.275, 12.108], [79.276, 12.106], [79.269, 12.103], [79.269, 12.096], [79.262, 12.082], [79.251, 12.08], [79.246, 12.08], [79.24, 12.077], [79.243, 12.071], [79.242, 12.068], [79.236, 12.063], [79.223, 12.064], [79.21, 12.07], [79.206, 12.069], [79.201, 12.07], [79.198, 12.06], [79.191, 12.05], [79.184, 12.049], [79.18, 12.051], [79.177, 12.05], [79.177, 12.034], [79.175, 12.032], [79.168, 12.033], [79.152, 12.042], [79.152, 12.045], [79.146, 12.05], [79.141, 12.048], [79.137, 12.045], [79.135, 12.042], [79.136, 12.039], [79.133, 12.036], [79.129, 12.035], [79.122, 12.036], [79.116, 12.039], [79.111, 12.035], [79.106, 12.034], [79.106, 12.029], [79.107, 12.027], [79.107, 12.023], [79.1, 12.024], [79.094, 12.032], [79.085, 12.03], [79.081, 12.033], [79.079, 12.043], [79.079, 12.048], [79.084, 12.045], [79.09, 12.045], [79.094, 12.058], [79.1, 12.066], [79.099, 12.07], [79.094, 12.077], [79.087, 12.081], [79.081, 12.074], [79.073, 12.071], [79.067, 12.071], [79.063, 12.066], [79.063, 12.062], [79.068, 12.058], [79.069, 12.054], [79.067, 12.052], [79.061, 12.052], [79.055, 12.038], [79.052, 12.037], [79.046, 12.037], [79.04, 12.043], [79.025, 12.048], [79.022, 12.056], [79.031, 12.062], [79.032, 12.065], [79.019, 12.066], [79.018, 12.065], [79.014, 12.064], [78.998, 12.069], [78.995, 12.063], [78.996, 12.051], [78.995, 12.052], [78.995, 12.052], [78.995, 12.05], [79.0, 12.049], [79.016, 12.049], [79.032, 12.035], [79.037, 12.035], [79.041, 12.031], [79.043, 12.023], [79.049, 12.02], [79.053, 12.02], [79.069, 12.01], [79.075, 12.004], [79.089, 12.006], [79.095, 12.005], [79.097, 12.003], [79.107, 12.002], [79.109, 12.006], [79.12, 12.008], [79.117, 11.999], [79.123, 11.996], [79.128, 11.997], [79.129, 11.991], [79.127, 11.987], [79.129, 11.984], [79.127, 11.981], [79.136, 11.97], [79.145, 11.968], [79.168, 11.967], [79.172, 11.967], [79.189, 11.975], [79.2, 11.974], [79.214, 11.976], [79.228, 11.965], [79.231, 11.959], [79.243, 11.952], [79.262, 11.951], [79.268, 11.949], [79.27, 11.95], [79.275, 11.947], [79.274, 11.945], [79.287, 11.942], [79.285, 11.938], [79.282, 11.936], [79.28, 11.932], [79.273, 11.929], [79.266, 11.919], [79.262, 11.917], [79.26, 11.91], [79.268, 11.909], [79.272, 11.906], [79.287, 11.907], [79.289, 11.905], [79.285, 11.889], [79.281, 11.883], [79.279, 11.873], [79.276, 11.876], [79.262, 11.88], [79.262, 11.878], [79.258, 11.877], [79.256, 11.883], [79.255, 11.88], [79.239, 11.867], [79.237, 11.857], [79.244, 11.851], [79.25, 11.848], [79.261, 11.85], [79.262, 11.846], [79.267, 11.841], [79.273, 11.843], [79.279, 11.85], [79.282, 11.843], [79.292, 11.838], [79.293, 11.831], [79.302, 11.828], [79.306, 11.83], [79.309, 11.827], [79.313, 11.826], [79.318, 11.824], [79.321, 11.825], [79.326, 11.822], [79.331, 11.825], [79.337, 11.832], [79.339, 11.833], [79.347, 11.83], [79.36, 11.833], [79.371, 11.831], [79.372, 11.827], [79.37, 11.823], [79.37, 11.815], [79.371, 11.813], [79.377, 11.813], [79.378, 11.811], [79.381, 11.811], [79.381, 11.807], [79.384, 11.803], [79.393, 11.801], [79.393, 11.798], [79.398, 11.796], [79.404, 11.798], [79.407, 11.804], [79.409, 11.804], [79.412, 11.801], [79.417, 11.8], [79.418, 11.799], [79.418, 11.793], [79.414, 11.788], [79.414, 11.785], [79.419, 11.783], [79.422, 11.793], [79.423, 11.795], [79.431, 11.789], [79.434, 11.782], [79.436, 11.781], [79.441, 11.784], [79.44, 11.791], [79.444, 11.809], [79.465, 11.808], [79.466, 11.8], [79.474, 11.799], [79.475, 11.805], [79.485, 11.808], [79.479, 11.822], [79.483, 11.83], [79.481, 11.834], [79.479, 11.836], [79.477, 11.837], [79.47, 11.833], [79.472, 11.839], [79.47, 11.844], [79.472, 11.846], [79.471, 11.848], [79.459, 11.846], [79.454, 11.849], [79.452, 11.856], [79.454, 11.865], [79.456, 11.867], [79.456, 11.871], [79.477, 11.87], [79.516, 11.857], [79.521, 11.86], [79.528, 11.859], [79.544, 11.849], [79.568, 11.839], [79.588, 11.842], [79.593, 11.84], [79.608, 11.829], [79.62, 11.823], [79.637, 11.801], [79.643, 11.799], [79.647, 11.799], [79.655, 11.803], [79.662, 11.81], [79.665, 11.811], [79.669, 11.811], [79.675, 11.808], [79.676, 11.812], [79.677, 11.814], [79.685, 11.812], [79.688, 11.812], [79.69, 11.808], [79.69, 11.804], [79.691, 11.809], [79.689, 11.813], [79.684, 11.813], [79.687, 11.822], [79.691, 11.821], [79.69, 11.829], [79.686, 11.829], [79.686, 11.834], [79.703, 11.832], [79.696, 11.844], [79.696, 11.861], [79.692, 11.863], [79.69, 11.868], [79.69, 11.883], [79.689, 11.885], [79.694, 11.885], [79.697, 11.886], [79.698, 11.889], [79.708, 11.889], [79.708, 11.893], [79.704, 11.895], [79.696, 11.893], [79.691, 11.895], [79.693, 11.897], [79.7, 11.898], [79.7, 11.904], [79.702, 11.911], [79.699, 11.922], [79.72, 11.923], [79.721, 11.919], [79.71, 11.915], [79.712, 11.906], [79.71, 11.899], [79.715, 11.894], [79.721, 11.894], [79.722, 11.896], [79.729, 11.892], [79.729, 11.895], [79.733, 11.896], [79.735, 11.908], [79.74, 11.908], [79.741, 11.912], [79.72, 11.933], [79.723, 11.949], [79.712, 11.955], [79.71, 11.949], [79.714, 11.936], [79.72, 11.93], [79.71, 11.935], [79.707, 11.944], [79.7, 11.948], [79.694, 11.956], [79.695, 11.958], [79.697, 11.965], [79.703, 11.967], [79.706, 11.971], [79.715, 11.971], [79.716, 11.975], [79.712, 11.979], [79.714, 11.988], [79.718, 11.99], [79.721, 11.995], [79.725, 11.994], [79.729, 11.997], [79.732, 11.996], [79.739, 12.004], [79.745, 12.009], [79.753, 12.011], [79.764, 12.008], [79.764, 11.997], [79.762, 11.996], [79.756, 11.99], [79.75, 11.988], [79.746, 11.983], [79.738, 11.983], [79.731, 11.99], [79.73, 11.989], [79.726, 11.98], [79.726, 11.975], [79.737, 11.973], [79.741, 11.971], [79.753, 11.968], [79.757, 11.953], [79.757, 11.947], [79.765, 11.946], [79.769, 11.951], [79.777, 11.951], [79.781, 11.959], [79.79, 11.966], [79.795, 11.964], [79.803, 11.967], [79.809, 11.975], [79.813, 11.985], [79.816, 11.987], [79.823, 11.98], [79.826, 11.969], [79.829, 11.965], [79.829, 11.96], [79.828, 11.958], [79.841, 11.956]], [[79.636, 12.026], [79.642, 12.027], [79.651, 12.022], [79.647, 12.018], [79.646, 12.005], [79.643, 12.003], [79.642, 11.999], [79.637, 11.998], [79.635, 11.995], [79.639, 11.99], [79.637, 11.986], [79.637, 11.978], [79.641, 11.97], [79.646, 11.967], [79.647, 11.965], [79.646, 11.953], [79.642, 11.952], [79.643, 11.943], [79.644, 11.942], [79.649, 11.943], [79.653, 11.948], [79.656, 11.947], [79.662, 11.938], [79.665, 11.939], [79.67, 11.937], [79.671, 11.929], [79.669, 11.918], [79.664, 11.918], [79.662, 11.916], [79.663, 11.913], [79.657, 11.911], [79.656, 11.907], [79.642, 11.907], [79.641, 11.902], [79.629, 11.9], [79.625, 11.902], [79.628, 11.918], [79.619, 11.923], [79.618, 11.933], [79.619, 11.943], [79.625, 11.944], [79.628, 11.948], [79.628, 11.957], [79.626, 11.962], [79.626, 11.967], [79.619, 11.97], [79.624, 11.974], [79.624, 11.979], [79.616, 11.986], [79.617, 11.989], [79.62, 11.988], [79.624, 11.993], [79.624, 11.998], [79.619, 12.0], [79.619, 12.002], [79.619, 12.009], [79.621, 12.009], [79.621, 12.013], [79.627, 12.015], [79.628, 12.018], [79.624, 12.031], [79.631, 12.03], [79.636, 12.026]], [[79.698, 12.033], [79.7, 12.034], [79.705, 12.031], [79.703, 12.015], [79.705, 12.01], [79.711, 12.004], [79.712, 12.001], [79.717, 11.997], [79.719, 11.994], [79.718, 11.991], [79.702, 11.993], [79.701, 11.992], [79.695, 11.991], [79.69, 11.989], [79.685, 11.991], [79.681, 11.983], [79.672, 11.993], [79.669, 11.993], [79.661, 11.988], [79.657, 11.99], [79.656, 11.997], [79.659, 12.012], [79.667, 12.009], [79.671, 12.01], [79.676, 12.02], [79.683, 12.021], [79.69, 12.029], [79.693, 12.035], [79.698, 12.033]], [[79.623, 11.89], [79.63, 11.887], [79.63, 11.882], [79.632, 11.881], [79.635, 11.881], [79.635, 11.886], [79.641, 11.886], [79.642, 11.88], [79.648, 11.88], [79.649, 11.87], [79.658, 11.869], [79.662, 11.866], [79.664, 11.864], [79.664, 11.861], [79.662, 11.86], [79.658, 11.852], [79.654, 11.85], [79.645, 11.849], [79.626, 11.853], [79.625, 11.855], [79.629, 11.866], [79.626, 11.869], [79.62, 11.868], [79.621, 11.864], [79.619, 11.861], [79.615, 11.862], [79.605, 11.857], [79.602, 11.857], [79.603, 11.87], [79.602, 11.869], [79.601, 11.872], [79.601, 11.882], [79.605, 11.88], [79.61, 11.876], [79.619, 11.884], [79.621, 11.89], [79.623, 11.89]], [[79.656, 11.841], [79.662, 11.838], [79.66, 11.827], [79.664, 11.824], [79.671, 11.824], [79.672, 11.822], [79.671, 11.815], [79.666, 11.815], [79.664, 11.812], [79.66, 11.812], [79.658, 11.814], [79.648, 11.815], [79.647, 11.817], [79.647, 11.819], [79.641, 11.823], [79.644, 11.826], [79.646, 11.837], [79.646, 11.841], [79.647, 11.844], [79.653, 11.843], [79.656, 11.841]], [[79.687, 11.968], [79.683, 11.961], [79.683, 11.954], [79.676, 11.948], [79.669, 11.948], [79.663, 11.95], [79.659, 11.949], [79.655, 11.952], [79.653, 11.956], [79.654, 11.96], [79.657, 11.957], [79.66, 11.957], [79.662, 11.968], [79.676, 11.968], [79.68, 11.972], [79.686, 11.973], [79.687, 11.968]], [[79.791, 12.014], [79.779, 12.018], [79.778, 12.028], [79.794, 12.022], [79.791, 12.014]]]}}, {"type": "Feature", "properties": {"regionId": "tamilnadu", "districtName": "Cuddalore"}, "geometry": {"type": "MultiPolygon", "coordinates": [[[[79.708, 11.889], [79.698, 11.889], [79.697, 11.886], [79.694, 11.885], [79.689, 11.885], [79.69, 11.883], [79.69, 11.868], [79.692, 11.863], [79.696, 11.861], [79.696, 11.844], [79.703, 11.832], [79.686, 11.834], [79.686, 11.829], [79.69, 11.829], [79.691, 11.821], [79.687, 11.822], [79.684, 11.813], [79.689, 11.813], [79.691, 11.809], [79.69, 11.804], [79.689, 11.802], [79.683, 11.801], [79.681, 11.796], [79.675, 11.802], [79.675, 11.808], [79.669, 11.811], [79.665, 11.811], [79.662, 11.81], [79.655, 11.803], [79.647, 11.799], [79.643, 11.799], [79.637, 11.801], [79.62, 11.823], [79.608, 11.829], [79.593, 11.84], [79.588, 11.842], [79.568, 11.839], [79.544, 11.849], [79.528, 11.859], [79.521, 11.86], [79.516, 11.857], [79.477, 11.87], [79.456, 11.871], [79.456, 11.867], [79.454, 11.865], [79.452, 11.856], [79.454, 11.849], [79.459, 11.846], [79.471, 11.848], [79.472, 11.846], [79.47, 11.844], [79.472, 11.839], [79.47, 11.833], [79.477, 11.837], [79.479, 11.836], [79.481, 11.834], [79.483, 11.83], [79.479, 11.822], [79.485, 11.808], [79.475, 11.805], [79.474, 11.799], [79.466, 11.8], [79.465, 11.808], [79.444, 11.809], [79.44, 11.791], [79.441, 11.784], [79.443, 11.768], [79.442, 11.764], [79.45, 11.763], [79.452, 11.768], [79.455, 11.77], [79.463, 11.77], [79.466, 11.768], [79.464, 11.761], [79.465, 11.749], [79.464, 11.744], [79.461, 11.74], [79.454, 11.735], [79.447, 11.732], [79.438, 11.735], [79.433, 11.734], [79.43, 11.731], [79.437, 11.722], [79.438, 11.714], [79.436, 11.699], [79.442, 11.691], [79.445, 11.665], [79.44, 11.666], [79.434, 11.664], [79.43, 11.667], [79.423, 11.665], [79.421, 11.67], [79.396, 11.676], [79.395, 11.68], [79.383, 11.68], [79.362, 11.672], [79.363, 11.661], [79.352, 11.658], [79.337, 11.661], [79.333, 11.66], [79.33, 11.651], [79.322, 11.649], [79.321, 11.645], [79.318, 11.643], [79.314, 11.644], [79.311, 11.634], [79.298, 11.635], [79.298, 11.643], [79.29, 11.649], [79.287, 11.649], [79.279, 11.647], [79.272, 11.647], [79.272, 11.643], [79.259, 11.651], [79.25, 11.651], [79.249, 11.648], [79.24, 11.641], [79.236, 11.629], [79.227, 11.633], [79.223, 11.64], [79.217, 11.64], [79.212, 11.635], [79.213, 11.622], [79.205, 11.616], [79.205, 11.612], [79.201, 11.612], [79.195, 11.602], [79.194, 11.596], [79.185, 11.588], [79.18, 11.588], [79.164, 11.597], [79.155, 11.598], [79.149, 11.591], [79.147, 11.589], [79.141, 11.589], [79.137, 11.592], [79.132, 11.597], [79.128, 11.598], [79.125, 11.6], [79.118, 11.599], [79.121, 11.607], [79.117, 11.607], [79.117, 11.613], [79.115, 11.615], [79.109, 11.615], [79.105, 11.613], [79.093, 11.626], [79.083, 11.623], [79.072, 11.621], [79.072, 11.611], [79.075, 11.609], [79.079, 11.608], [79.079, 11.599], [79.068, 11.597], [79.068, 11.594], [79.059, 11.592], [79.056, 11.587], [79.05, 11.587], [79.046, 11.59], [79.048, 11.593], [79.022, 11.591], [79.019, 11.593], [79.016, 11.584], [79.017, 11.582], [79.016, 11.58], [79.005, 11.567], [78.997, 11.566], [78.988, 11.56], [78.981, 11.559], [78.97, 11.564], [78.963, 11.572], [78.95, 11.572], [78.946, 11.571], [78.936, 11.566], [78.931, 11.566], [78.922, 11.557], [78.915, 11.533], [78.918, 11.53], [78.917, 11.526], [78.913, 11.524], [78.906, 11.504], [78.876, 11.506], [78.88, 11.501], [78.884, 11.494], [78.89, 11.49], [78.891, 11.486], [78.909, 11.472], [78.911, 11.462], [78.917, 11.459], [78.921, 11.452], [78.926, 11.45], [78.928, 11.442], [78.941, 11.431], [78.949, 11.417], [78.955, 11.413], [78.959, 11.411], [78.96, 11.407], [78.966, 11.402], [78.971, 11.403], [78.984, 11.4], [78.994, 11.405], [79.0, 11.404], [79.016, 11.397], [79.035, 11.394], [79.044, 11.4], [79.053, 11.403], [79.065, 11.403], [79.085, 11.398], [79.095, 11.399], [79.109, 11.402], [79.125, 11.398], [79.146, 11.385], [79.164, 11.382], [79.177, 11.375], [79.181, 11.375], [79.185, 11.378], [79.204, 11.384], [79.21, 11.385], [79.217, 11.389], [79.234, 11.393], [79.238, 11.391], [79.241, 11.383], [79.242, 11.373], [79.246, 11.371], [79.253, 11.375], [79.257, 11.387], [79.26, 11.39], [79.269, 11.387], [79.277, 11.388], [79.277, 11.383], [79.279, 11.381], [79.283, 11.383], [79.288, 11.381], [79.299, 11.382], [79.298, 11.384], [79.302, 11.384], [79.303, 11.387], [79.303, 11.393], [79.297, 11.41], [79.297, 11.413], [79.315, 11.418], [79.315, 11.419], [79.323, 11.421], [79.325, 11.419], [79.335, 11.42], [79.347, 11.417], [79.357, 11.42], [79.37, 11.42], [79.379, 11.412], [79.379, 11.407], [79.376, 11.406], [79.376, 11.405], [79.374, 11.404], [79.375, 11.4], [79.384, 11.399], [79.384, 11.398], [79.386, 11.398], [79.386, 11.403], [79.384, 11.403], [79.384, 11.402], [79.381, 11.402], [79.379, 11.405], [79.381, 11.406], [79.383, 11.412], [79.387, 11.41], [79.387, 11.409], [79.389, 11.407], [79.39, 11.405], [79.395, 11.404], [79.396, 11.4], [79.393, 11.4], [79.392, 11.393], [79.391, 11.39], [79.393, 11.389], [79.393, 11.38], [79.395, 11.378], [79.391, 11.368], [79.395, 11.367], [79.395, 11.356], [79.402, 11.352], [79.406, 11.357], [79.406, 11.356], [79.409, 11.361], [79.422, 11.356], [79.425, 11.358], [79.426, 11.357], [79.439, 11.358], [79.438, 11.35], [79.434, 11.349], [79.435, 11.347], [79.433, 11.343], [79.437, 11.341], [79.439, 11.335], [79.448, 11.333], [79.449, 11.336], [79.451, 11.335], [79.457, 11.328], [79.457, 11.326], [79.458, 11.326], [79.458, 11.328], [79.46, 11.327], [79.461, 11.327], [79.463, 11.322], [79.465, 11.321], [79.466, 11.319], [79.474, 11.318], [79.477, 11.314], [79.489, 11.317], [79.498, 11.315], [79.501, 11.312], [79.499, 11.305], [79.5, 11.294], [79.502, 11.291], [79.502, 11.276], [79.505, 11.273], [79.505, 11.258], [79.498, 11.258], [79.497, 11.249], [79.508, 11.238], [79.508, 11.233], [79.514, 11.227], [79.51, 11.223], [79.506, 11.204], [79.483, 11.174], [79.474, 11.174], [79.468, 11.17], [79.46, 11.15], [79.465, 11.155], [79.483, 11.163], [79.502, 11.175], [79.511, 11.177], [79.514, 11.179], [79.526, 11.183], [79.557, 11.203], [79.572, 11.21], [79.599, 11.219], [79.607, 11.226], [79.612, 11.237], [79.613, 11.251], [79.619, 11.256], [79.622, 11.256], [79.627, 11.252], [79.638, 11.247], [79.649, 11.251], [79.65, 11.262], [79.644, 11.284], [79.647, 11.294], [79.653, 11.301], [79.664, 11.306], [79.677, 11.307], [79.698, 11.322], [79.721, 11.343], [79.729, 11.349], [79.734, 11.351], [79.761, 11.352], [79.761, 11.357], [79.759, 11.373], [79.762, 11.378], [79.766, 11.381], [79.771, 11.383], [79.785, 11.374], [79.791, 11.372], [79.797, 11.375], [79.805, 11.384], [79.81, 11.411], [79.813, 11.419], [79.805, 11.447], [79.784, 11.486], [79.781, 11.499], [79.781, 11.504], [79.771, 11.515], [79.763, 11.535], [79.76, 11.549], [79.758, 11.579], [79.761, 11.621], [79.767, 11.652], [79.776, 11.694], [79.783, 11.705], [79.781, 11.71], [79.783, 11.72], [79.793, 11.765], [79.797, 11.789], [79.794, 11.791], [79.791, 11.791], [79.788, 11.789], [79.781, 11.788], [79.776, 11.784], [79.774, 11.785], [79.776, 11.789], [79.775, 11.791], [79.771, 11.786], [79.766, 11.787], [79.766, 11.786], [79.762, 11.788], [79.758, 11.779], [79.754, 11.776], [79.74, 11.782], [79.733, 11.782], [79.729, 11.784], [79.726, 11.787], [79.72, 11.789], [79.718, 11.791], [79.717, 11.795], [79.722, 11.798], [79.729, 11.798], [79.731, 11.804], [79.734, 11.806], [79.731, 11.81], [79.74, 11.809], [79.735, 11.821], [79.732, 11.836], [79.732, 11.838], [79.737, 11.838], [79.737, 11.844], [79.747, 11.839], [79.754, 11.838], [79.763, 11.834], [79.764, 11.826], [79.767, 11.824], [79.773, 11.823], [79.775, 11.829], [79.782, 11.832], [79.798, 11.827], [79.8, 11.832], [79.794, 11.833], [79.797, 11.84], [79.807, 11.831], [79.809, 11.837], [79.806, 11.836], [79.804, 11.845], [79.798, 11.854], [79.78, 11.856], [79.778, 11.849], [79.775, 11.846], [79.774, 11.839], [79.77, 11.837], [79.766, 11.84], [79.759, 11.85], [79.763, 11.857], [79.766, 11.859], [79.762, 11.876], [79.756, 11.877], [79.752, 11.876], [79.753, 11.872], [79.75, 11.864], [79.751, 11.853], [79.748, 11.85], [79.742, 11.85], [79.74, 11.864], [79.731, 11.867], [79.728, 11.864], [79.721, 11.864], [79.719, 11.856], [79.708, 11.875], [79.708, 11.889]], [[79.699, 11.823], [79.702, 11.822], [79.704, 11.814], [79.693, 11.814], [79.695, 11.822], [79.699, 11.823]]], [[[79.775, 11.902], [79.772, 11.902], [79.773, 11.9], [79.771, 11.895], [79.773, 11.888], [79.772, 11.884], [79.774, 11.884], [79.774, 11.877], [79.78, 11.879], [79.781, 11.874], [79.779, 11.867], [79.78, 11.864], [79.785, 11.863], [79.791, 11.878], [79.79, 11.88], [79.792, 11.882], [79.797, 11.891], [79.796, 11.898], [79.788, 11.896], [79.781, 11.903], [79.775, 11.904], [79.775, 11.902]]]]}}, {"type": "Feature", "properties": {"regionId": "tamilnadu", "districtName": "Mayiladuthurai"}, "geometry": {"type": "Polygon", "coordinates": [[[79.855, 10.985], [79.859, 11.118], [79.857, 11.165], [79.855, 11.189], [79.849, 11.236], [79.841, 11.272], [79.837, 11.302], [79.838, 11.353], [79.835, 11.36], [79.831, 11.364], [79.823, 11.382], [79.813, 11.419], [79.81, 11.411], [79.805, 11.384], [79.797, 11.375], [79.791, 11.372], [79.785, 11.374], [79.771, 11.383], [79.766, 11.381], [79.762, 11.378], [79.759, 11.373], [79.761, 11.357], [79.761, 11.352], [79.734, 11.351], [79.729, 11.349], [79.721, 11.343], [79.698, 11.322], [79.677, 11.307], [79.664, 11.306], [79.653, 11.301], [79.647, 11.294], [79.644, 11.284], [79.65, 11.262], [79.649, 11.251], [79.638, 11.247], [79.627, 11.252], [79.622, 11.256], [79.619, 11.256], [79.613, 11.251], [79.612, 11.237], [79.607, 11.226], [79.599, 11.219], [79.572, 11.21], [79.557, 11.203], [79.526, 11.183], [79.524, 11.182], [79.531, 11.178], [79.538, 11.179], [79.541, 11.163], [79.545, 11.163], [79.546, 11.159], [79.552, 11.163], [79.56, 11.162], [79.559, 11.154], [79.567, 11.154], [79.568, 11.148], [79.574, 11.146], [79.563, 11.136], [79.56, 11.13], [79.557, 11.128], [79.555, 11.13], [79.554, 11.129], [79.554, 11.125], [79.55, 11.124], [79.553, 11.12], [79.551, 11.116], [79.548, 11.115], [79.546, 11.113], [79.549, 11.112], [79.549, 11.11], [79.547, 11.108], [79.54, 11.109], [79.54, 11.106], [79.538, 11.103], [79.538, 11.101], [79.54, 11.095], [79.543, 11.095], [79.542, 11.104], [79.549, 11.104], [79.549, 11.101], [79.542, 11.087], [79.543, 11.084], [79.546, 11.086], [79.548, 11.085], [79.552, 11.081], [79.538, 11.068], [79.536, 11.063], [79.529, 11.054], [79.522, 11.051], [79.516, 11.041], [79.52, 11.026], [79.535, 11.026], [79.538, 11.013], [79.534, 11.013], [79.53, 11.015], [79.528, 11.014], [79.527, 11.008], [79.536, 11.01], [79.542, 11.008], [79.546, 11.006], [79.549, 11.002], [79.547, 10.999], [79.543, 10.998], [79.532, 10.996], [79.53, 10.999], [79.527, 10.999], [79.527, 10.996], [79.523, 10.997], [79.524, 10.992], [79.52, 10.988], [79.513, 10.988], [79.511, 10.984], [79.515, 10.98], [79.516, 10.969], [79.529, 10.97], [79.527, 10.963], [79.528, 10.959], [79.532, 10.96], [79.531, 10.965], [79.553, 10.966], [79.554, 10.97], [79.558, 10.969], [79.559, 10.974], [79.57, 10.976], [79.57, 10.972], [79.577, 10.971], [79.576, 10.976], [79.579, 10.977], [79.58, 10.982], [79.59, 10.982], [79.592, 10.977], [79.596, 10.978], [79.597, 10.972], [79.604, 10.971], [79.608, 10.975], [79.605, 10.979], [79.608, 10.981], [79.624, 10.983], [79.628, 10.977], [79.634, 10.979], [79.632, 10.986], [79.635, 10.989], [79.633, 10.991], [79.637, 10.992], [79.634, 10.994], [79.637, 10.995], [79.636, 10.998], [79.641, 11.002], [79.641, 11.006], [79.643, 11.009], [79.653, 11.013], [79.651, 11.014], [79.655, 11.013], [79.68, 11.017], [79.691, 11.017], [79.699, 11.015], [79.707, 11.013], [79.712, 11.009], [79.723, 11.005], [79.728, 10.999], [79.733, 10.998], [79.735, 10.996], [79.742, 10.996], [79.75, 10.998], [79.749, 11.003], [79.75, 11.004], [79.757, 11.006], [79.761, 11.003], [79.762, 11.001], [79.764, 11.002], [79.764, 11.007], [79.769, 11.008], [79.772, 11.005], [79.775, 11.006], [79.779, 11.002], [79.782, 11.002], [79.789, 11.003], [79.789, 11.002], [79.792, 11.0], [79.795, 11.001], [79.797, 10.99], [79.798, 10.992], [79.801, 10.989], [79.805, 10.987], [79.807, 10.991], [79.811, 10.991], [79.811, 10.995], [79.813, 10.996], [79.813, 11.0], [79.819, 11.001], [79.822, 11.004], [79.825, 11.0], [79.827, 11.002], [79.832, 10.999], [79.836, 11.004], [79.843, 11.005], [79.844, 11.004], [79.842, 10.996], [79.851, 10.996], [79.851, 10.985], [79.855, 10.985]]]}}, {"type": "Feature", "properties": {"regionId": "tamilnadu", "districtName": "Nagapattinam"}, "geometry": {"type": "Polygon", "coordinates": [[[79.806, 10.903], [79.802, 10.908], [79.795, 10.908], [79.789, 10.911], [79.788, 10.899], [79.777, 10.901], [79.778, 10.897], [79.767, 10.897], [79.767, 10.901], [79.772, 10.902], [79.774, 10.905], [79.777, 10.903], [79.782, 10.902], [79.776, 10.907], [79.776, 10.914], [79.772, 10.904], [79.769, 10.904], [79.769, 10.912], [79.774, 10.917], [79.773, 10.919], [79.767, 10.921], [79.764, 10.919], [79.755, 10.92], [79.755, 10.923], [79.753, 10.924], [79.755, 10.925], [79.754, 10.928], [79.75, 10.928], [79.749, 10.931], [79.747, 10.93], [79.746, 10.933], [79.737, 10.935], [79.727, 10.93], [79.716, 10.92], [79.701, 10.925], [79.682, 10.922], [79.666, 10.903], [79.656, 10.883], [79.653, 10.858], [79.657, 10.836], [79.643, 10.815], [79.661, 10.809], [79.662, 10.805], [79.66, 10.791], [79.66, 10.79], [79.664, 10.79], [79.667, 10.794], [79.675, 10.793], [79.679, 10.786], [79.681, 10.786], [79.682, 10.791], [79.67, 10.8], [79.665, 10.811], [79.665, 10.815], [79.686, 10.816], [79.69, 10.826], [79.698, 10.829], [79.706, 10.826], [79.729, 10.828], [79.735, 10.82], [79.736, 10.809], [79.732, 10.798], [79.723, 10.793], [79.716, 10.792], [79.711, 10.788], [79.701, 10.766], [79.697, 10.746], [79.686, 10.732], [79.69, 10.724], [79.689, 10.718], [79.666, 10.71], [79.66, 10.71], [79.661, 10.702], [79.675, 10.693], [79.679, 10.689], [79.681, 10.675], [79.677, 10.669], [79.674, 10.667], [79.673, 10.66], [79.668, 10.656], [79.676, 10.647], [79.696, 10.641], [79.688, 10.625], [79.664, 10.614], [79.67, 10.601], [79.67, 10.594], [79.669, 10.586], [79.661, 10.56], [79.665, 10.556], [79.706, 10.554], [79.705, 10.544], [79.693, 10.524], [79.693, 10.508], [79.699, 10.494], [79.688, 10.487], [79.69, 10.473], [79.673, 10.462], [79.651, 10.458], [79.644, 10.41], [79.644, 10.36], [79.655, 10.334], [79.638, 10.339], [79.627, 10.332], [79.623, 10.327], [79.617, 10.325], [79.612, 10.322], [79.614, 10.32], [79.632, 10.317], [79.649, 10.317], [79.663, 10.313], [79.673, 10.312], [79.681, 10.309], [79.7, 10.296], [79.723, 10.291], [79.728, 10.29], [79.733, 10.293], [79.738, 10.299], [79.748, 10.301], [79.752, 10.29], [79.754, 10.289], [79.761, 10.29], [79.771, 10.285], [79.776, 10.278], [79.776, 10.273], [79.841, 10.276], [79.87, 10.283], [79.87, 10.288], [79.881, 10.298], [79.884, 10.306], [79.882, 10.323], [79.872, 10.371], [79.865, 10.441], [79.862, 10.519], [79.855, 10.634], [79.851, 10.756], [79.852, 10.825], [79.851, 10.826], [79.843, 10.825], [79.836, 10.827], [79.833, 10.85], [79.826, 10.847], [79.825, 10.851], [79.816, 10.857], [79.815, 10.865], [79.816, 10.867], [79.817, 10.867], [79.82, 10.862], [79.831, 10.864], [79.832, 10.866], [79.83, 10.872], [79.82, 10.876], [79.821, 10.88], [79.834, 10.878], [79.836, 10.878], [79.837, 10.88], [79.816, 10.888], [79.814, 10.891], [79.81, 10.89], [79.809, 10.888], [79.806, 10.889], [79.802, 10.895], [79.8, 10.892], [79.793, 10.892], [79.793, 10.896], [79.798, 10.896], [79.8, 10.898], [79.803, 10.897], [79.804, 10.899], [79.803, 10.903], [79.806, 10.903]]]}}, {"type": "Feature", "properties": {"regionId": "tamilnadu", "districtName": "Thiruvarur"}, "geometry": {"type": "Polygon", "coordinates": [[[79.764, 11.002], [79.762, 11.001], [79.761, 11.003], [79.757, 11.006], [79.75, 11.004], [79.749, 11.003], [79.75, 10.998], [79.742, 10.996], [79.735, 10.996], [79.733, 10.998], [79.728, 10.999], [79.723, 11.005], [79.712, 11.009], [79.707, 11.013], [79.699, 11.015], [79.691, 11.017], [79.68, 11.017], [79.655, 11.013], [79.651, 11.014], [79.653, 11.013], [79.643, 11.009], [79.641, 11.006], [79.641, 11.002], [79.636, 10.998], [79.637, 10.995], [79.634, 10.994], [79.637, 10.992], [79.633, 10.991], [79.635, 10.989], [79.632, 10.986], [79.634, 10.979], [79.628, 10.977], [79.624, 10.983], [79.608, 10.981], [79.605, 10.979], [79.608, 10.975], [79.604, 10.971], [79.597, 10.972], [79.596, 10.978], [79.592, 10.977], [79.59, 10.982], [79.58, 10.982], [79.579, 10.977], [79.576, 10.976], [79.577, 10.971], [79.57, 10.972], [79.57, 10.976], [79.559, 10.974], [79.558, 10.969], [79.554, 10.97], [79.553, 10.966], [79.531, 10.965], [79.532, 10.96], [79.528, 10.959], [79.527, 10.963], [79.529, 10.97], [79.516, 10.969], [79.516, 10.953], [79.519, 10.945], [79.516, 10.94], [79.5, 10.939], [79.5, 10.932], [79.489, 10.923], [79.486, 10.919], [79.491, 10.919], [79.495, 10.909], [79.495, 10.905], [79.501, 10.905], [79.508, 10.902], [79.508, 10.897], [79.497, 10.89], [79.492, 10.888], [79.485, 10.878], [79.487, 10.872], [79.481, 10.869], [79.471, 10.872], [79.467, 10.863], [79.459, 10.866], [79.455, 10.861], [79.446, 10.869], [79.439, 10.869], [79.434, 10.874], [79.418, 10.88], [79.412, 10.884], [79.408, 10.889], [79.4, 10.891], [79.395, 10.895], [79.393, 10.893], [79.385, 10.894], [79.382, 10.891], [79.38, 10.892], [79.377, 10.891], [79.373, 10.892], [79.37, 10.898], [79.366, 10.898], [79.364, 10.897], [79.353, 10.908], [79.353, 10.91], [79.35, 10.912], [79.344, 10.911], [79.34, 10.914], [79.338, 10.913], [79.334, 10.917], [79.336, 10.922], [79.333, 10.924], [79.332, 10.926], [79.327, 10.926], [79.317, 10.93], [79.314, 10.928], [79.313, 10.93], [79.303, 10.936], [79.301, 10.936], [79.298, 10.938], [79.292, 10.937], [79.292, 10.935], [79.285, 10.928], [79.279, 10.927], [79.278, 10.925], [79.278, 10.923], [79.285, 10.92], [79.29, 10.915], [79.291, 10.907], [79.298, 10.908], [79.299, 10.902], [79.284, 10.903], [79.279, 10.907], [79.274, 10.906], [79.27, 10.908], [79.27, 10.906], [79.272, 10.904], [79.273, 10.9], [79.273, 10.896], [79.272, 10.892], [79.268, 10.891], [79.275, 10.882], [79.276, 10.875], [79.292, 10.87], [79.293, 10.865], [79.296, 10.863], [79.295, 10.853], [79.297, 10.847], [79.295, 10.841], [79.293, 10.84], [79.291, 10.833], [79.296, 10.832], [79.299, 10.827], [79.307, 10.826], [79.311, 10.823], [79.317, 10.822], [79.321, 10.819], [79.326, 10.819], [79.327, 10.818], [79.331, 10.816], [79.331, 10.81], [79.337, 10.814], [79.34, 10.812], [79.353, 10.813], [79.362, 10.808], [79.369, 10.807], [79.372, 10.801], [79.369, 10.796], [79.363, 10.794], [79.353, 10.794], [79.351, 10.785], [79.345, 10.782], [79.345, 10.768], [79.363, 10.763], [79.357, 10.75], [79.351, 10.75], [79.35, 10.744], [79.343, 10.741], [79.337, 10.739], [79.313, 10.74], [79.31, 10.747], [79.305, 10.746], [79.302, 10.742], [79.3, 10.736], [79.301, 10.735], [79.304, 10.736], [79.308, 10.718], [79.307, 10.71], [79.319, 10.688], [79.317, 10.674], [79.318, 10.661], [79.341, 10.658], [79.348, 10.653], [79.351, 10.647], [79.357, 10.648], [79.353, 10.629], [79.345, 10.625], [79.349, 10.62], [79.352, 10.611], [79.348, 10.607], [79.349, 10.597], [79.347, 10.591], [79.35, 10.586], [79.363, 10.579], [79.377, 10.579], [79.389, 10.583], [79.403, 10.577], [79.4, 10.573], [79.399, 10.562], [79.4, 10.557], [79.408, 10.551], [79.415, 10.552], [79.421, 10.549], [79.427, 10.561], [79.434, 10.557], [79.44, 10.56], [79.447, 10.557], [79.451, 10.557], [79.454, 10.551], [79.448, 10.55], [79.438, 10.545], [79.427, 10.543], [79.425, 10.536], [79.435, 10.533], [79.442, 10.523], [79.448, 10.521], [79.453, 10.522], [79.457, 10.52], [79.459, 10.514], [79.464, 10.514], [79.469, 10.511], [79.462, 10.505], [79.455, 10.494], [79.463, 10.489], [79.472, 10.493], [79.48, 10.493], [79.484, 10.489], [79.484, 10.487], [79.484, 10.479], [79.478, 10.465], [79.471, 10.459], [79.474, 10.452], [79.475, 10.445], [79.481, 10.443], [79.468, 10.436], [79.461, 10.434], [79.453, 10.435], [79.457, 10.429], [79.46, 10.42], [79.467, 10.418], [79.466, 10.413], [79.475, 10.409], [79.48, 10.399], [79.472, 10.398], [79.466, 10.4], [79.463, 10.399], [79.463, 10.395], [79.466, 10.395], [79.471, 10.387], [79.462, 10.376], [79.478, 10.374], [79.486, 10.382], [79.492, 10.374], [79.498, 10.371], [79.505, 10.37], [79.508, 10.364], [79.509, 10.355], [79.506, 10.356], [79.504, 10.355], [79.504, 10.352], [79.506, 10.351], [79.536, 10.336], [79.538, 10.337], [79.542, 10.337], [79.546, 10.341], [79.543, 10.347], [79.549, 10.348], [79.566, 10.342], [79.579, 10.341], [79.587, 10.342], [79.59, 10.341], [79.59, 10.339], [79.588, 10.329], [79.586, 10.328], [79.584, 10.327], [79.559, 10.332], [79.555, 10.33], [79.553, 10.327], [79.551, 10.319], [79.548, 10.316], [79.538, 10.313], [79.532, 10.317], [79.529, 10.317], [79.526, 10.315], [79.524, 10.311], [79.524, 10.308], [79.526, 10.306], [79.542, 10.302], [79.607, 10.293], [79.624, 10.288], [79.678, 10.281], [79.742, 10.273], [79.776, 10.273], [79.776, 10.278], [79.771, 10.285], [79.761, 10.29], [79.754, 10.289], [79.752, 10.29], [79.748, 10.301], [79.738, 10.299], [79.733, 10.293], [79.728, 10.29], [79.723, 10.291], [79.7, 10.296], [79.681, 10.309], [79.673, 10.312], [79.663, 10.313], [79.649, 10.317], [79.632, 10.317], [79.614, 10.32], [79.612, 10.322], [79.617, 10.325], [79.623, 10.327], [79.627, 10.332], [79.638, 10.339], [79.655, 10.334], [79.644, 10.36], [79.644, 10.41], [79.651, 10.458], [79.673, 10.462], [79.69, 10.473], [79.688, 10.487], [79.699, 10.494], [79.693, 10.508], [79.693, 10.524], [79.705, 10.544], [79.706, 10.554], [79.665, 10.556], [79.661, 10.56], [79.669, 10.586], [79.67, 10.594], [79.67, 10.601], [79.664, 10.614], [79.688, 10.625], [79.696, 10.641], [79.676, 10.647], [79.668, 10.656], [79.673, 10.66], [79.674, 10.667], [79.677, 10.669], [79.681, 10.675], [79.679, 10.689], [79.675, 10.693], [79.661, 10.702], [79.66, 10.71], [79.666, 10.71], [79.689, 10.718], [79.69, 10.724], [79.686, 10.732], [79.697, 10.746], [79.701, 10.766], [79.711, 10.788], [79.716, 10.792], [79.723, 10.793], [79.732, 10.798], [79.736, 10.809], [79.735, 10.82], [79.729, 10.828], [79.706, 10.826], [79.698, 10.829], [79.69, 10.826], [79.686, 10.816], [79.665, 10.815], [79.665, 10.811], [79.67, 10.8], [79.682, 10.791], [79.681, 10.786], [79.679, 10.786], [79.675, 10.793], [79.667, 10.794], [79.664, 10.79], [79.66, 10.79], [79.66, 10.791], [79.662, 10.805], [79.661, 10.809], [79.643, 10.815], [79.657, 10.836], [79.653, 10.858], [79.656, 10.883], [79.666, 10.903], [79.682, 10.922], [79.701, 10.925], [79.716, 10.92], [79.727, 10.93], [79.737, 10.935], [79.737, 10.939], [79.74, 10.94], [79.736, 10.941], [79.738, 10.943], [79.736, 10.948], [79.743, 10.949], [79.744, 10.952], [79.748, 10.955], [79.748, 10.959], [79.746, 10.96], [79.745, 10.957], [79.743, 10.956], [79.735, 10.957], [79.732, 10.958], [79.733, 10.961], [79.731, 10.963], [79.733, 10.965], [79.732, 10.974], [79.744, 10.974], [79.751, 10.97], [79.756, 10.969], [79.757, 10.96], [79.771, 10.961], [79.777, 10.96], [79.773, 10.971], [79.768, 10.978], [79.774, 10.979], [79.774, 10.982], [79.77, 10.983], [79.763, 10.99], [79.764, 11.002]]]}}, {"type": "Feature", "properties": {"regionId": "tamilnadu", "districtName": "Thanjavur"}, "geometry": {"type": "Polygon", "coordinates": [[[79.008, 10.891], [79.0, 10.893], [78.965, 10.889], [78.961, 10.893], [78.944, 10.889], [78.938, 10.882], [78.941, 10.879], [78.935, 10.873], [78.92, 10.866], [78.882, 10.855], [78.856, 10.845], [78.819, 10.837], [78.798, 10.838], [78.779, 10.833], [78.779, 10.827], [78.788, 10.828], [78.794, 10.825], [78.801, 10.824], [78.806, 10.826], [78.816, 10.824], [78.868, 10.827], [78.872, 10.816], [78.865, 10.812], [78.865, 10.803], [78.87, 10.803], [78.869, 10.798], [78.871, 10.787], [78.879, 10.789], [78.881, 10.78], [78.876, 10.776], [78.874, 10.763], [78.869, 10.76], [78.87, 10.742], [78.869, 10.738], [78.866, 10.735], [78.869, 10.715], [78.872, 10.707], [78.884, 10.695], [78.893, 10.694], [78.894, 10.688], [78.898, 10.684], [78.902, 10.68], [78.906, 10.68], [78.909, 10.672], [78.92, 10.671], [78.921, 10.669], [78.926, 10.669], [78.927, 10.67], [78.929, 10.669], [78.93, 10.671], [78.922, 10.674], [78.926, 10.674], [78.925, 10.676], [78.927, 10.675], [78.927, 10.674], [78.928, 10.674], [78.931, 10.674], [78.938, 10.672], [78.939, 10.677], [78.946, 10.674], [78.947, 10.676], [78.943, 10.681], [78.941, 10.685], [78.938, 10.687], [78.942, 10.689], [78.948, 10.685], [78.949, 10.68], [78.955, 10.677], [78.955, 10.679], [78.957, 10.68], [78.971, 10.669], [78.972, 10.672], [78.97, 10.676], [78.971, 10.68], [78.977, 10.68], [78.984, 10.684], [78.983, 10.692], [78.989, 10.703], [78.988, 10.71], [78.988, 10.716], [78.991, 10.72], [79.0, 10.724], [79.006, 10.718], [79.007, 10.714], [79.012, 10.714], [79.013, 10.712], [79.005, 10.708], [79.011, 10.703], [79.01, 10.699], [79.033, 10.697], [79.034, 10.695], [79.023, 10.691], [79.019, 10.691], [79.019, 10.689], [79.016, 10.686], [79.017, 10.682], [79.02, 10.682], [79.019, 10.676], [79.042, 10.678], [79.056, 10.674], [79.054, 10.671], [79.064, 10.67], [79.067, 10.671], [79.07, 10.671], [79.066, 10.655], [79.07, 10.656], [79.068, 10.651], [79.069, 10.643], [79.071, 10.637], [79.082, 10.633], [79.083, 10.632], [79.087, 10.632], [79.093, 10.63], [79.095, 10.626], [79.102, 10.625], [79.102, 10.623], [79.105, 10.623], [79.105, 10.619], [79.107, 10.617], [79.121, 10.632], [79.127, 10.632], [79.128, 10.635], [79.14, 10.615], [79.142, 10.615], [79.143, 10.613], [79.141, 10.611], [79.146, 10.605], [79.146, 10.602], [79.14, 10.598], [79.144, 10.595], [79.144, 10.588], [79.165, 10.588], [79.17, 10.587], [79.169, 10.585], [79.174, 10.583], [79.179, 10.587], [79.18, 10.572], [79.184, 10.571], [79.184, 10.576], [79.192, 10.579], [79.193, 10.57], [79.19, 10.567], [79.193, 10.562], [79.192, 10.56], [79.19, 10.559], [79.19, 10.556], [79.185, 10.556], [79.187, 10.541], [79.186, 10.538], [79.182, 10.54], [79.176, 10.534], [79.171, 10.535], [79.171, 10.532], [79.161, 10.533], [79.153, 10.53], [79.151, 10.524], [79.156, 10.524], [79.152, 10.519], [79.143, 10.514], [79.141, 10.499], [79.131, 10.495], [79.135, 10.488], [79.14, 10.486], [79.148, 10.486], [79.154, 10.475], [79.158, 10.477], [79.161, 10.473], [79.163, 10.475], [79.169, 10.477], [79.171, 10.482], [79.174, 10.482], [79.173, 10.478], [79.182, 10.475], [79.181, 10.474], [79.185, 10.472], [79.19, 10.471], [79.192, 10.469], [79.195, 10.469], [79.196, 10.463], [79.192, 10.462], [79.193, 10.46], [79.18, 10.46], [79.179, 10.458], [79.175, 10.459], [79.174, 10.456], [79.169, 10.456], [79.168, 10.453], [79.176, 10.45], [79.177, 10.447], [79.168, 10.449], [79.16, 10.448], [79.157, 10.453], [79.159, 10.463], [79.153, 10.464], [79.15, 10.46], [79.154, 10.457], [79.153, 10.455], [79.156, 10.45], [79.152, 10.447], [79.147, 10.45], [79.141, 10.449], [79.141, 10.446], [79.144, 10.445], [79.138, 10.439], [79.133, 10.436], [79.131, 10.436], [79.129, 10.434], [79.132, 10.427], [79.146, 10.413], [79.155, 10.4], [79.153, 10.394], [79.149, 10.39], [79.146, 10.384], [79.147, 10.38], [79.149, 10.376], [79.146, 10.372], [79.149, 10.37], [79.145, 10.367], [79.145, 10.365], [79.149, 10.363], [79.152, 10.357], [79.149, 10.355], [79.15, 10.344], [79.145, 10.345], [79.142, 10.342], [79.143, 10.34], [79.135, 10.335], [79.131, 10.338], [79.126, 10.337], [79.122, 10.335], [79.123, 10.332], [79.12, 10.331], [79.12, 10.325], [79.124, 10.325], [79.125, 10.328], [79.129, 10.328], [79.132, 10.33], [79.136, 10.325], [79.132, 10.322], [79.129, 10.317], [79.127, 10.312], [79.128, 10.309], [79.123, 10.308], [79.12, 10.302], [79.123, 10.302], [79.122, 10.295], [79.123, 10.294], [79.122, 10.288], [79.128, 10.284], [79.128, 10.28], [79.133, 10.274], [79.131, 10.268], [79.134, 10.266], [79.131, 10.261], [79.13, 10.256], [79.128, 10.254], [79.117, 10.253], [79.118, 10.238], [79.122, 10.236], [79.129, 10.235], [79.133, 10.235], [79.135, 10.238], [79.139, 10.239], [79.146, 10.238], [79.146, 10.232], [79.149, 10.231], [79.145, 10.22], [79.149, 10.219], [79.153, 10.222], [79.157, 10.22], [79.16, 10.222], [79.165, 10.221], [79.172, 10.218], [79.176, 10.221], [79.182, 10.219], [79.183, 10.211], [79.186, 10.21], [79.189, 10.207], [79.186, 10.205], [79.185, 10.201], [79.183, 10.203], [79.178, 10.203], [79.177, 10.199], [79.175, 10.201], [79.171, 10.202], [79.17, 10.206], [79.164, 10.206], [79.164, 10.204], [79.16, 10.203], [79.153, 10.198], [79.154, 10.188], [79.157, 10.187], [79.16, 10.182], [79.158, 10.176], [79.16, 10.174], [79.153, 10.168], [79.154, 10.163], [79.161, 10.16], [79.165, 10.161], [79.167, 10.164], [79.183, 10.162], [79.195, 10.164], [79.196, 10.161], [79.204, 10.161], [79.205, 10.157], [79.207, 10.154], [79.207, 10.149], [79.21, 10.146], [79.211, 10.145], [79.206, 10.144], [79.206, 10.141], [79.219, 10.14], [79.23, 10.142], [79.229, 10.145], [79.231, 10.15], [79.241, 10.154], [79.241, 10.164], [79.238, 10.169], [79.242, 10.173], [79.241, 10.179], [79.242, 10.181], [79.245, 10.185], [79.256, 10.189], [79.265, 10.198], [79.27, 10.205], [79.279, 10.211], [79.281, 10.215], [79.28, 10.219], [79.268, 10.228], [79.268, 10.232], [79.273, 10.239], [79.295, 10.26], [79.302, 10.265], [79.308, 10.266], [79.32, 10.278], [79.332, 10.284], [79.34, 10.286], [79.351, 10.286], [79.367, 10.292], [79.373, 10.297], [79.382, 10.313], [79.385, 10.316], [79.39, 10.317], [79.405, 10.317], [79.496, 10.309], [79.512, 10.308], [79.518, 10.313], [79.519, 10.316], [79.502, 10.316], [79.476, 10.319], [79.472, 10.322], [79.473, 10.325], [79.482, 10.322], [79.481, 10.33], [79.474, 10.336], [79.478, 10.338], [79.484, 10.338], [79.485, 10.334], [79.489, 10.33], [79.495, 10.328], [79.495, 10.326], [79.494, 10.326], [79.487, 10.33], [79.486, 10.327], [79.495, 10.318], [79.501, 10.318], [79.505, 10.321], [79.507, 10.335], [79.509, 10.334], [79.514, 10.322], [79.516, 10.321], [79.518, 10.321], [79.519, 10.323], [79.517, 10.327], [79.518, 10.33], [79.524, 10.33], [79.528, 10.326], [79.526, 10.325], [79.522, 10.327], [79.522, 10.325], [79.52, 10.319], [79.522, 10.317], [79.525, 10.317], [79.532, 10.322], [79.538, 10.322], [79.542, 10.326], [79.542, 10.329], [79.536, 10.336], [79.506, 10.351], [79.504, 10.352], [79.504, 10.355], [79.506, 10.356], [79.509, 10.355], [79.508, 10.364], [79.505, 10.37], [79.498, 10.371], [79.492, 10.374], [79.486, 10.382], [79.478, 10.374], [79.462, 10.376], [79.471, 10.387], [79.466, 10.395], [79.463, 10.395], [79.463, 10.399], [79.466, 10.4], [79.472, 10.398], [79.48, 10.399], [79.475, 10.409], [79.466, 10.413], [79.467, 10.418], [79.46, 10.42], [79.457, 10.429], [79.453, 10.435], [79.461, 10.434], [79.468, 10.436], [79.481, 10.443], [79.475, 10.445], [79.474, 10.452], [79.471, 10.459], [79.478, 10.465], [79.484, 10.479], [79.484, 10.487], [79.484, 10.489], [79.48, 10.493], [79.472, 10.493], [79.463, 10.489], [79.455, 10.494], [79.462, 10.505], [79.469, 10.511], [79.464, 10.514], [79.459, 10.514], [79.457, 10.52], [79.453, 10.522], [79.448, 10.521], [79.442, 10.523], [79.435, 10.533], [79.425, 10.536], [79.427, 10.543], [79.438, 10.545], [79.448, 10.55], [79.454, 10.551], [79.451, 10.557], [79.447, 10.557], [79.44, 10.56], [79.434, 10.557], [79.427, 10.561], [79.421, 10.549], [79.415, 10.552], [79.408, 10.551], [79.4, 10.557], [79.399, 10.562], [79.4, 10.573], [79.403, 10.577], [79.389, 10.583], [79.377, 10.579], [79.363, 10.579], [79.35, 10.586], [79.347, 10.591], [79.349, 10.597], [79.348, 10.607], [79.352, 10.611], [79.349, 10.62], [79.345, 10.625], [79.353, 10.629], [79.357, 10.648], [79.351, 10.647], [79.348, 10.653], [79.341, 10.658], [79.318, 10.661], [79.317, 10.674], [79.319, 10.688], [79.307, 10.71], [79.308, 10.718], [79.304, 10.736], [79.301, 10.735], [79.3, 10.736], [79.302, 10.742], [79.305, 10.746], [79.31, 10.747], [79.313, 10.74], [79.337, 10.739], [79.343, 10.741], [79.35, 10.744], [79.351, 10.75], [79.357, 10.75], [79.363, 10.763], [79.345, 10.768], [79.345, 10.782], [79.351, 10.785], [79.353, 10.794], [79.363, 10.794], [79.369, 10.796], [79.372, 10.801], [79.369, 10.807], [79.362, 10.808], [79.353, 10.813], [79.34, 10.812], [79.337, 10.814], [79.331, 10.81], [79.331, 10.816], [79.327, 10.818], [79.326, 10.819], [79.321, 10.819], [79.317, 10.822], [79.311, 10.823], [79.307, 10.826], [79.299, 10.827], [79.296, 10.832], [79.291, 10.833], [79.293, 10.84], [79.295, 10.841], [79.297, 10.847], [79.295, 10.853], [79.296, 10.863], [79.293, 10.865], [79.292, 10.87], [79.276, 10.875], [79.275, 10.882], [79.268, 10.891], [79.272, 10.892], [79.273, 10.896], [79.273, 10.9], [79.272, 10.904], [79.27, 10.906], [79.27, 10.908], [79.274, 10.906], [79.279, 10.907], [79.284, 10.903], [79.299, 10.902], [79.298, 10.908], [79.291, 10.907], [79.29, 10.915], [79.285, 10.92], [79.278, 10.923], [79.278, 10.925], [79.279, 10.927], [79.285, 10.928], [79.292, 10.935], [79.292, 10.937], [79.298, 10.938], [79.301, 10.936], [79.303, 10.936], [79.313, 10.93], [79.314, 10.928], [79.317, 10.93], [79.327, 10.926], [79.332, 10.926], [79.333, 10.924], [79.336, 10.922], [79.334, 10.917], [79.338, 10.913], [79.34, 10.914], [79.344, 10.911], [79.35, 10.912], [79.353, 10.91], [79.353, 10.908], [79.364, 10.897], [79.366, 10.898], [79.37, 10.898], [79.373, 10.892], [79.377, 10.891], [79.38, 10.892], [79.382, 10.891], [79.385, 10.894], [79.393, 10.893], [79.395, 10.895], [79.4, 10.891], [79.408, 10.889], [79.412, 10.884], [79.418, 10.88], [79.434, 10.874], [79.439, 10.869], [79.446, 10.869], [79.455, 10.861], [79.459, 10.866], [79.467, 10.863], [79.471, 10.872], [79.481, 10.869], [79.487, 10.872], [79.485, 10.878], [79.492, 10.888], [79.497, 10.89], [79.508, 10.897], [79.508, 10.902], [79.501, 10.905], [79.495, 10.905], [79.495, 10.909], [79.491, 10.919], [79.486, 10.919], [79.489, 10.923], [79.5, 10.932], [79.5, 10.939], [79.516, 10.94], [79.519, 10.945], [79.516, 10.953], [79.516, 10.969], [79.515, 10.98], [79.511, 10.984], [79.513, 10.988], [79.52, 10.988], [79.524, 10.992], [79.523, 10.997], [79.527, 10.996], [79.527, 10.999], [79.53, 10.999], [79.532, 10.996], [79.543, 10.998], [79.547, 10.999], [79.549, 11.002], [79.546, 11.006], [79.542, 11.008], [79.536, 11.01], [79.527, 11.008], [79.528, 11.014], [79.53, 11.015], [79.534, 11.013], [79.538, 11.013], [79.535, 11.026], [79.52, 11.026], [79.516, 11.041], [79.522, 11.051], [79.529, 11.054], [79.536, 11.063], [79.538, 11.068], [79.552, 11.081], [79.548, 11.085], [79.546, 11.086], [79.543, 11.084], [79.542, 11.087], [79.549, 11.101], [79.549, 11.104], [79.542, 11.104], [79.543, 11.095], [79.54, 11.095], [79.538, 11.101], [79.538, 11.103], [79.54, 11.106], [79.54, 11.109], [79.547, 11.108], [79.549, 11.11], [79.549, 11.112], [79.546, 11.113], [79.548, 11.115], [79.551, 11.116], [79.553, 11.12], [79.55, 11.124], [79.554, 11.125], [79.554, 11.129], [79.555, 11.13], [79.557, 11.128], [79.56, 11.13], [79.563, 11.136], [79.574, 11.146], [79.568, 11.148], [79.567, 11.154], [79.559, 11.154], [79.56, 11.162], [79.552, 11.163], [79.546, 11.159], [79.545, 11.163], [79.541, 11.163], [79.538, 11.179], [79.531, 11.178], [79.524, 11.182], [79.526, 11.183], [79.514, 11.179], [79.511, 11.177], [79.502, 11.175], [79.483, 11.163], [79.465, 11.155], [79.46, 11.15], [79.432, 11.118], [79.426, 11.106], [79.428, 11.103], [79.426, 11.101], [79.428, 11.099], [79.427, 11.097], [79.424, 11.097], [79.423, 11.095], [79.424, 11.094], [79.419, 11.089], [79.414, 11.081], [79.395, 11.063], [79.377, 11.055], [79.358, 11.047], [79.341, 11.035], [79.336, 11.03], [79.314, 11.016], [79.309, 11.019], [79.302, 11.015], [79.295, 11.015], [79.285, 11.006], [79.284, 11.002], [79.273, 10.988], [79.24, 10.962], [79.227, 10.948], [79.221, 10.946], [79.222, 10.944], [79.214, 10.94], [79.209, 10.939], [79.206, 10.947], [79.194, 10.945], [79.181, 10.939], [79.153, 10.941], [79.146, 10.94], [79.135, 10.934], [79.128, 10.924], [79.119, 10.92], [79.094, 10.922], [79.078, 10.92], [79.076, 10.917], [79.069, 10.899], [79.064, 10.892], [79.053, 10.885], [79.049, 10.885], [79.039, 10.883], [79.033, 10.883], [79.008, 10.891]]]}}]}